<?xml version="1.0" encoding="UTF-8" standalone="yes"?>
<addon id="plugin.video.aiostreams" name="AIOStreams" version="2.4.0" provider-name="Jon">
    <requires>
        <import addon="xbmc.python" version="3.0.0"/>
        <import addon="script.module.requests" version="2.25.1"/>
    </requires>
    <extension point="xbmc.python.pluginsource" library="addon.py">
        <provides>video</provides>
    </extension>
    <extension point="xbmc.addon.metadata">
        <summary lang="en_GB">AIOStreams addon for Kodi with advanced features</summary>
        <description lang="en_GB">Search and stream content from AIOStreams with comprehensive Trakt integration, stream quality filtering, reliability tracking, UI enhancements (color coding, progress bars), content discovery, keyboard shortcuts, and maintenance tools. Features dynamic context menus, smart stream sorting, and preference learning.</description>
        <platform>all</platform>
        <license>MIT</license>
        <website>https://aiostreams.shiggsy.co.uk</website>
        <news>v2.4.0: Movie continue watching list added. Episode thumbnails in continue watching. Trailer support with YouTube integration. Remove from continue watching button. Custom search URL for skin integration. Further performance improvements to continue watching and next up lists. | v2.3.2: Major performance improvements. | v2.3.1: Bugfix for cast errors.</news>
        <assets>
            <icon>resources/icon.png</icon>
            <fanart>resources/fanart.jpg</fanart>
        </assets>
    </extension>
</addon>
