<?xml version="1.0" encoding="UTF-8"?>
<window>
	<defaultcontrol always="true">8</defaultcontrol>
	<onload>SetProperty(infobackground,$ESCINFO[ListItem.Art(fanart)],home)</onload>
	<onload>RunScript(special://skin/resources/lib/info_window_helper.py)</onload>
	<onunload>ClearProperty(infobackground,home)</onunload>
	<controls>
		<control type="image">
			<include>FullScreenDimensions</include>
			<texture background="true">$INFO[ListItem.Art(fanart)]</texture>
			<fadetime>600</fadetime>
			<aspectratio>scale</aspectratio>
		</control>
		<control type="image">
			<include>FullScreenDimensions</include>
			<texture>colors/black_50.png</texture>
		</control>
		<control type="group">
			<top>50</top>
			<height>1080</height>
				<centerleft>50%</centerleft>
				<width>1920</width>
				<animation effect="fade" start="100" end="0" time="200" tween="sine" condition="Window.IsVisible(script-embuary-video.xml) | Window.IsVisible(script-embuary-person.xml) | Window.IsVisible(script-embuary-image.xml)">Conditional</animation>
				<control type="group">
					<top>0</top>
					<left>66</left>
					<include>OpenClose_Left</include>
					<control type="image">
						<top>-16</top>
						<left>-16</left>
						<width>566</width>
						<height>841</height>
						<texture>colors/black.png</texture>
						<bordertexture border="21" infill="false">overlays/shadow.png</bordertexture>
						<bordersize>20</bordersize>
					</control>
					<control type="image">
						<depth>DepthContentPopout</depth>
						<left>4</left>
						<top>4</top>
						<width>526</width>
						<height>801</height>
						<aspectratio>scale</aspectratio>
						<texture fallback="DefaultVideo.png" background="true">$VAR[InfoDialogPosterVar]</texture>
					</control>
					<!-- Action Buttons under Poster - Vertically Stacked -->
					<control type="grouplist" id="8000">
						<left>4</left>
						<top>810</top>
						<width>526</width>
						<height>85</height>
						<itemgap>10</itemgap>
						<orientation>horizontal</orientation>
						<onup>SetFocus(1011)</onup>
						<onright>50</onright>
						<ondown>50</ondown>
						
						<control type="button" id="8">
							<width>255</width>
							<height>85</height>
							<label></label>
							<font></font>
							<align>center</align>
							<aligny>center</aligny>
							<texturefocus colordiffuse="button_focus">icons/infodialog/play.png</texturefocus>
							<texturenofocus>icons/infodialog/play.png</texturenofocus>
							<onclick condition="String.IsEqual(ListItem.DBType,tvshow) | String.IsEqual(ListItem.DBType,season) | String.IsEqual(ListItem.DBType,series)">ActivateWindow(Videos,$INFO[ListItem.FileNameAndPath],return)</onclick>
							<onclick condition="!String.IsEqual(ListItem.DBType,tvshow) + !String.IsEqual(ListItem.DBType,season) + !String.IsEqual(ListItem.DBType,series)">PlayMedia($INFO[ListItem.FileNameAndPath])</onclick>
							<visible>!String.IsEmpty(ListItem.Title) | !String.IsEmpty(ListItem.Label)</visible>
						</control>
						<!-- Custom Trailer Button -->
						<control type="button" id="2001">
							<width>255</width>
							<height>85</height>
							<label>$LOCALIZE[20410]</label>
							<font></font>
							<textoffsetx>60</textoffsetx>
							<texturefocus colordiffuse="button_focus">icons/infodialog/trailer.png</texturefocus>
							<texturenofocus>icons/infodialog/trailer.png</texturenofocus>
							<align>center</align>
							<aligny>center</aligny>
							<visible>!String.IsEmpty(Window(Home).Property(InfoWindow.Trailer))</visible>
							<onright>5000</onright>
							<onclick>Dialog.Close(movieinformation)</onclick>
							<onclick>PlayMedia($INFO[Window(Home).Property(InfoWindow.Trailer)])</onclick>
						</control>
					</control>
				</control>
				<control type="group">
					<top>0</top>
					<left>70</left>
				<visible>String.IsEqual(ListItem.DBType,musicvideo) + !Skin.HasSetting(show_musicvideoposter)</visible>
				<include>OpenClose_Left</include>
				<control type="image">
					<width>526</width>
					<height>801</height>
					<aspectratio>stretch</aspectratio>
					<texture colordiffuse="FF555555">DefaultVideo.png</texture>
				</control>
				<control type="image">
					<left>10</left>
					<width>506</width>
					<height>801</height>
					<aspectratio>keep</aspectratio>
					<texture>$INFO[ListItem.Thumb]</texture>
					<bordertexture border="21" infill="false">overlays/shadow.png</bordertexture>
					<bordersize>20</bordersize>
				</control>
			</control>
			<control type="group">
				<include>OpenClose_Right</include>
				<left>648</left>
				<top>0</top>
			<control type="group" id="140">
				<description>Plot description</description>
				<left>-3</left>
				<top>0</top>
				<width>1147</width>
				<height>300</height>
				<control type="image" id="137_bg">
					<left>0</left>
					<top>0</top>
					<width>1147</width>
					<height>300</height>
					<texture>colors/black_50.png</texture>
					<visible>true</visible>
				</control>
				<control type="button" id="138">
					<width>1147</width>
					<height>300</height>
					<font></font>
					<label></label>
					<onclick condition="!String.IsEmpty(ListItem.Plot)">SetProperty(TextViewer_Header,$LOCALIZE[207],home)</onclick>
					<onclick condition="!String.IsEmpty(ListItem.Plot)">SetProperty(TextViewer_Text,$ESCINFO[ListItem.Plot],home)</onclick>
					<onclick condition="!String.IsEmpty(ListItem.Plot)">ActivateWindow(1102)</onclick>
					<onup>SetFocus(1011)</onup>
					<onleft>8</onleft>
					<onright>4000</onright>
					<ondown>50</ondown>
					<texturenofocus />
					<texturefocus border="5" colordiffuse="FFFF0000">borders/border-focus.png</texturefocus>
					<visible>true</visible>
				</control>
				<control type="image" id="138_bg_full">
					<left>0</left>
					<top>0</top>
					<width>1147</width>
					<height>300</height>
					<texture>colors/black_50.png</texture>
					<visible>false</visible>
				</control>
				<control type="button" id="139">
					<width>1147</width>
					<height>300</height>
					<font></font>
					<label></label>
					<onclick condition="!String.IsEmpty(ListItem.Plot)">SetProperty(TextViewer_Header,$LOCALIZE[207],home)</onclick>
					<onclick condition="!String.IsEmpty(ListItem.Plot)">SetProperty(TextViewer_Text,$ESCINFO[ListItem.Plot],home)</onclick>
					<onclick condition="!String.IsEmpty(ListItem.Plot)">ActivateWindow(1102)</onclick>
					<onup>SetFocus(1011)</onup>
					<onleft>8</onleft>
					<onright>4000</onright>
					<ondown>50</ondown>
					<texturenofocus />
					<texturefocus colordiffuse="white">colors/white.png</texturefocus>
					<visible>false</visible>
				</control>
				<control type="textbox">
					<left>40</left>
					<top>25</top>
					<width>1067</width>
					<height>250</height>
					<label fallback="19055">$INFO[ListItem.Plot]</label>
					<autoscroll delay="10000" time="5000" repeat="10000">Skin.HasSetting(AutoScroll)</autoscroll>
					<visible>true</visible>
				</control>
				<control type="textbox">
					<left>40</left>
					<top>25</top>
					<width>1067</width>
					<height>250</height>
					<label fallback="19055">$INFO[ListItem.Plot]</label>
					<autoscroll delay="10000" time="5000" repeat="10000">Skin.HasSetting(AutoScroll)</autoscroll>
					<visible>false</visible>
				</control>
			</control>
			<control type="grouplist">
				<left>0</left>
				<top>310</top>
				<width>1147</width>
				<height>90</height>
				<itemgap>5</itemgap>
				<orientation>horizontal</orientation>
				<usecontrolcoords>true</usecontrolcoords>
				
				<control type="group">
					<width>280</width>
					<height>90</height>
					<control type="label">
						<top>10</top>
						<width>270</width>
						<height>25</height>
						<label>Director</label>
						<font>font12</font>
						<textcolor>grey</textcolor>
					</control>
					<control type="label">
						<top>35</top>
						<width>270</width>
						<height>30</height>
						<label>$INFO[ListItem.Director]</label>
						<font>font13</font>
						<textcolor>white</textcolor>
						<scroll>true</scroll>
					</control>
				</control>
				
				<control type="group">
					<width>280</width>
					<height>90</height>
					<control type="label">
						<top>10</top>
						<width>270</width>
						<height>25</height>
						<label>Released</label>
						<font>font12</font>
						<textcolor>grey</textcolor>
					</control>
					<control type="label">
						<top>35</top>
						<width>270</width>
						<height>30</height>
						<label>$INFO[ListItem.Premiered]</label>
						<font>font13</font>
						<textcolor>white</textcolor>
					</control>
				</control>

				<control type="group">
					<width>280</width>
					<height>90</height>
					<control type="label">
						<top>10</top>
						<width>270</width>
						<height>25</height>
						<label>Duration</label>
						<font>font12</font>
						<textcolor>grey</textcolor>
					</control>
					<control type="label">
						<top>35</top>
						<width>270</width>
						<height>30</height>
						<label>$INFO[ListItem.Duration, , min]</label>
						<font>font13</font>
						<textcolor>white</textcolor>
					</control>
				</control>

				<control type="group">
					<width>280</width>
					<height>90</height>
					<control type="label">
						<top>10</top>
						<width>270</width>
						<height>25</height>
						<label>Type</label>
						<font>font12</font>
						<textcolor>grey</textcolor>
					</control>
					<control type="label">
						<top>35</top>
						<width>270</width>
						<height>30</height>
						<label>$INFO[ListItem.DBType]</label>
						<font>font13</font>
						<textcolor>white</textcolor>
					</control>
				</control>
			</control>
				<control type="image">
					<left>77</left>
					<top>185</top>
					<width>1090</width>
					<height>283</height>
					<fadetime>150</fadetime>
					<aspectratio>keep</aspectratio>
					<texture>$VAR[BannerVar]</texture>
				</control>
				<!-- Relocated Cast Area -->
				<control type="group">
					<left>0</left>
					<top>400</top>
					<width>1245</width>
					<height>800</height>
					
					<!-- Loading Indicator -->
					<control type="group">
						<visible>!String.IsEmpty(Window(Home).Property(AsyncLoading))</visible>
						<control type="image">
							<left>572</left> <!-- Centered in 1245 width (1245/2 - 50) -->
							<top>300</top>
							<width>100</width>
							<height>100</height>
							<texture>common/spinner_outer.png</texture>
							<animation effect="rotate" center="auto" start="0" end="360" time="1000" loop="true" condition="true">Conditional</animation>
						</control>
					</control>
					
					<!-- Cast Tile 1 -->
					<control type="group">
						<left>0</left>
						<top>0</top>
						<width>180</width>
						<height>270</height>
						<control type="image">
							<left>0</left>
							<top>0</top>
							<width>180</width>
							<height>270</height>
							<texture colordiffuse="00FFFFFF">colors/white.png</texture>
						</control>
						<control type="image">
							<left>0</left>
							<top>0</top>
							<width>180</width>
							<height>270</height>
							<texture background="true">$INFO[Window(Home).Property(InfoWindow.Cast.1.Thumb)]</texture>
							<aspectratio aligny="center">scale</aspectratio>
						</control>
						<control type="image">
							<left>0</left>
							<top>220</top>
							<width>180</width>
							<height>50</height>
							<texture>colors/black_50.png</texture>
						</control>
						<control type="label">
							<left>0</left>
							<top>220</top>
							<width>180</width>
							<height>50</height>
							<align>center</align>
							<aligny>center</aligny>
							<font>font12</font>
							<textcolor>white</textcolor>
							<label>$INFO[Window(Home).Property(InfoWindow.Cast.1.Name)]</label>
						</control>
						<control type="button" id="50">
							<left>0</left>
							<top>0</top>
							<width>180</width>
							<height>270</height>
							<texturefocus>-</texturefocus>
							<texturenofocus>-</texturenofocus>
							<onclick>Dialog.Close(MovieInformation)</onclick>
							<onclick>RunScript(special://skin/resources/lib/global_search.py, $INFO[Window(Home).Property(InfoWindow.Cast.1.Name)])</onclick>
							<onup>8000</onup>
							<onleft>8</onleft>
							<onright>51</onright>
							<ondown>5000</ondown>
						</control>
						<!-- Red Focus Border (Home Style) -->
						<control type="image">
							<left>0</left><top>0</top><width>180</width><height>270</height>
							<texture colordiffuse="00FFFFFF">colors/black.png</texture>
							<bordertexture border="3" colordiffuse="FFFF0000">colors/white.png</bordertexture>
							<bordersize>3</bordersize>
							<visible>Control.HasFocus(50)</visible>
						</control>
					</control>

					<!-- Cast Tile 2 -->
					<control type="group">
						<left>200</left>
						<top>0</top>
						<width>180</width>
						<height>270</height>
						<control type="image">
							<left>0</left>
							<top>0</top>
							<width>180</width>
							<height>270</height>
							<texture colordiffuse="00FFFFFF">colors/white.png</texture>
						</control>
						<control type="image">
							<left>0</left>
							<top>0</top>
							<width>180</width>
							<height>270</height>
							<texture background="true">$INFO[Window(Home).Property(InfoWindow.Cast.2.Thumb)]</texture>
							<aspectratio aligny="center">scale</aspectratio>
						</control>
						<control type="image">
							<left>0</left>
							<top>220</top>
							<width>180</width>
							<height>50</height>
							<texture>colors/black_50.png</texture>
						</control>
						<control type="label">
							<left>0</left>
							<top>220</top>
							<width>180</width>
							<height>50</height>
							<align>center</align>
							<aligny>center</aligny>
							<font>font12</font>
							<textcolor>white</textcolor>
							<label>$INFO[Window(Home).Property(InfoWindow.Cast.2.Name)]</label>
						</control>
						<control type="button" id="51">
							<left>0</left>
							<top>0</top>
							<width>180</width>
							<height>270</height>
							<texturefocus>-</texturefocus>
							<texturenofocus>-</texturenofocus>
							<onclick>Dialog.Close(MovieInformation)</onclick>
							<onclick>RunScript(special://skin/resources/lib/global_search.py, $INFO[Window(Home).Property(InfoWindow.Cast.2.Name)])</onclick>
							<onup>8000</onup>
							<onleft>50</onleft>
							<onright>52</onright>
							<ondown>5000</ondown>
						</control>
						<!-- Red Focus Border (Home Style) -->
						<control type="image">
							<left>0</left><top>0</top><width>180</width><height>270</height>
							<texture colordiffuse="00FFFFFF">colors/black.png</texture>
							<bordertexture border="3" colordiffuse="FFFF0000">colors/white.png</bordertexture>
							<bordersize>3</bordersize>
							<visible>Control.HasFocus(51)</visible>
						</control>
					</control>

					<!-- Cast Tile 3 -->
					<control type="group">
						<left>400</left>
						<top>0</top>
						<width>180</width>
						<height>270</height>
						<control type="image">
							<left>0</left>
							<top>0</top>
							<width>180</width>
							<height>270</height>
							<texture colordiffuse="00FFFFFF">colors/white.png</texture>
						</control>
						<control type="image">
							<left>0</left>
							<top>0</top>
							<width>180</width>
							<height>270</height>
							<texture background="true">$INFO[Window(Home).Property(InfoWindow.Cast.3.Thumb)]</texture>
							<aspectratio aligny="center">scale</aspectratio>
						</control>
						<control type="image">
							<left>0</left>
							<top>220</top>
							<width>180</width>
							<height>50</height>
							<texture>colors/black_50.png</texture>
						</control>
						<control type="label">
							<left>0</left>
							<top>220</top>
							<width>180</width>
							<height>50</height>
							<align>center</align>
							<aligny>center</aligny>
							<font>font12</font>
							<textcolor>white</textcolor>
							<label>$INFO[Window(Home).Property(InfoWindow.Cast.3.Name)]</label>
						</control>
						<control type="button" id="52">
							<left>0</left>
							<top>0</top>
							<width>180</width>
							<height>270</height>
							<texturefocus>-</texturefocus>
							<texturenofocus>-</texturenofocus>
							<onclick>Dialog.Close(MovieInformation)</onclick>
							<onclick>RunScript(special://skin/resources/lib/global_search.py, $INFO[Window(Home).Property(InfoWindow.Cast.3.Name)])</onclick>
							<onup>8000</onup>
							<onleft>51</onleft>
							<onright>53</onright>
							<ondown>5000</ondown>
						</control>
						<!-- Red Focus Border (Home Style) -->
						<control type="image">
							<left>0</left><top>0</top><width>180</width><height>270</height>
							<texture colordiffuse="00FFFFFF">colors/black.png</texture>
							<bordertexture border="3" colordiffuse="FFFF0000">colors/white.png</bordertexture>
							<bordersize>3</bordersize>
							<visible>Control.HasFocus(52)</visible>
						</control>
					</control>

					<!-- Cast Tile 4 -->
					<control type="group">
						<left>600</left>
						<top>0</top>
						<width>180</width>
						<height>270</height>
						<control type="image">
							<left>0</left>
							<top>0</top>
							<width>180</width>
							<height>270</height>
							<texture colordiffuse="00FFFFFF">colors/white.png</texture>
						</control>
						<control type="image">
							<left>0</left>
							<top>0</top>
							<width>180</width>
							<height>270</height>
							<texture background="true">$INFO[Window(Home).Property(InfoWindow.Cast.4.Thumb)]</texture>
							<aspectratio aligny="center">scale</aspectratio>
						</control>
						<control type="image">
							<left>0</left>
							<top>220</top>
							<width>180</width>
							<height>50</height>
							<texture>colors/black_50.png</texture>
						</control>
						<control type="label">
							<left>0</left>
							<top>220</top>
							<width>180</width>
							<height>50</height>
							<align>center</align>
							<aligny>center</aligny>
							<font>font12</font>
							<textcolor>white</textcolor>
							<label>$INFO[Window(Home).Property(InfoWindow.Cast.4.Name)]</label>
						</control>
						<control type="button" id="53">
							<left>0</left>
							<top>0</top>
							<width>180</width>
							<height>270</height>
							<texturefocus>-</texturefocus>
							<texturenofocus>-</texturenofocus>
							<onclick>Dialog.Close(MovieInformation)</onclick>
							<onclick>RunScript(special://skin/resources/lib/global_search.py, $INFO[Window(Home).Property(InfoWindow.Cast.4.Name)])</onclick>
							<onup>8000</onup>
							<onleft>52</onleft>
							<onright>54</onright>
							<ondown>5000</ondown>
						</control>
						<!-- Red Focus Border (Home Style) -->
						<control type="image">
							<left>0</left><top>0</top><width>180</width><height>270</height>
							<texture colordiffuse="00FFFFFF">colors/black.png</texture>
							<bordertexture border="3" colordiffuse="FFFF0000">colors/white.png</bordertexture>
							<bordersize>3</bordersize>
							<visible>Control.HasFocus(53)</visible>
						</control>
					</control>

					<!-- Cast Tile 5 -->
					<control type="group">
						<left>800</left>
						<top>0</top>
						<width>180</width>
						<height>270</height>
						<control type="image">
							<left>0</left>
							<top>0</top>
							<width>180</width>
							<height>270</height>
							<texture colordiffuse="00FFFFFF">colors/white.png</texture>
						</control>
						<control type="image">
							<left>0</left>
							<top>0</top>
							<width>180</width>
							<height>270</height>
							<texture background="true">$INFO[Window(Home).Property(InfoWindow.Cast.5.Thumb)]</texture>
							<aspectratio aligny="center">scale</aspectratio>
						</control>
						<control type="image">
							<left>0</left>
							<top>220</top>
							<width>180</width>
							<height>50</height>
							<texture>colors/black_50.png</texture>
						</control>
						<control type="label">
							<left>0</left>
							<top>220</top>
							<width>180</width>
							<height>50</height>
							<align>center</align>
							<aligny>center</aligny>
							<font>font12</font>
							<textcolor>white</textcolor>
							<label>$INFO[Window(Home).Property(InfoWindow.Cast.5.Name)]</label>
						</control>
						<control type="button" id="54">
							<left>0</left>
							<top>0</top>
							<width>180</width>
							<height>270</height>
							<texturefocus>-</texturefocus>
							<texturenofocus>-</texturenofocus>
							<onclick>Dialog.Close(MovieInformation)</onclick>
							<onclick>RunScript(special://skin/resources/lib/global_search.py, $INFO[Window(Home).Property(InfoWindow.Cast.5.Name)])</onclick>
							<onup>8000</onup>
							<onleft>53</onleft>
							<onright>50</onright>
							<ondown>5000</ondown>
						</control>
						<!-- Red Focus Border (Home Style) -->
						<control type="image">
							<left>0</left><top>0</top><width>180</width><height>270</height>
							<texture colordiffuse="00FFFFFF">colors/black.png</texture>
							<bordertexture border="3" colordiffuse="FFFF0000">colors/white.png</bordertexture>
							<bordersize>3</bordersize>
							<visible>Control.HasFocus(54)</visible>
						</control>
					</control>
					<!-- Related Content Row -->
					<control type="label">
						<left>0</left>
						<top>280</top>
						<width>1245</width>
						<height>30</height>
						<font>font13_title</font>
						<textcolor>white</textcolor>
						<label>Related Content</label>
						<visible>!String.IsEmpty(Window(Home).Property(InfoWindow.Related.1.Title))</visible>
					</control>
					<control type="fixedlist" id="5000">
						<left>5</left>
						<top>320</top>
						<width>1245</width>
						<height>280</height>
						<onup>50</onup>
						<onleft>8</onleft>
						<onright>5000</onright>
						<ondown>8</ondown>
						<orientation>horizontal</orientation>
						<viewtype label="535">list</viewtype>
						<pagecontrol>60</pagecontrol>
						<focusposition>0</focusposition>
						<preloaditems>2</preloaditems>
						<itemlayout width="205" height="270">
							<control type="group">
								<left>0</left>
								<top>0</top>
								<width>180</width>
								<height>270</height>
								<control type="image">
									<left>0</left>
									<top>0</top>
									<width>180</width>
									<height>270</height>
									<texture colordiffuse="00FFFFFF">colors/white.png</texture>
								</control>
								<control type="image">
									<left>0</left>
									<top>0</top>
									<width>180</width>
									<height>270</height>
									<aspectratio align="center" aligny="center" scale="scale">keep</aspectratio>
									<texture background="true">$INFO[ListItem.Thumb]</texture>
								</control>
								<control type="image">
									<left>0</left>
									<top>220</top>
									<width>180</width>
									<height>50</height>
									<texture>colors/black_50.png</texture>
								</control>
								<control type="label">
									<left>0</left>
									<top>220</top>
									<width>180</width>
									<height>50</height>
									<align>center</align>
									<aligny>center</aligny>
									<font>font12</font>
									<textcolor>white</textcolor>
									<label>$INFO[ListItem.Label]</label>
								</control>
							</control>
						</itemlayout>
						<focusedlayout width="205" height="270">
							<control type="group">
								<left>0</left>
								<top>0</top>
								<width>180</width>
								<height>270</height>
								<control type="image">
									<left>0</left>
									<top>0</top>
									<width>180</width>
									<height>270</height>
									<texture colordiffuse="00FFFFFF">colors/white.png</texture>
								</control>
								<control type="image">
									<left>0</left>
									<top>0</top>
									<width>180</width>
									<height>270</height>
									<aspectratio align="center" aligny="center" scale="scale">keep</aspectratio>
									<texture background="true">$INFO[ListItem.Thumb]</texture>
								</control>
								<control type="image">
									<left>0</left>
									<top>220</top>
									<width>180</width>
									<height>50</height>
									<texture>colors/black_50.png</texture>
								</control>
								<control type="label">
									<left>0</left>
									<top>220</top>
									<width>180</width>
									<height>50</height>
									<align>center</align>
									<aligny>center</aligny>
									<font>font12</font>
									<textcolor>white</textcolor>
									<label>$INFO[ListItem.Label]</label>
								</control>
								<!-- Red Focus Border (Home Style) -->
								<control type="image">
									<left>-3</left><top>-3</top><width>186</width><height>276</height>
									<texture colordiffuse="00FFFFFF">colors/black.png</texture>
									<bordertexture border="3" colordiffuse="FFFF0000">colors/white.png</bordertexture>
									<bordersize>3</bordersize>
									<visible>Control.HasFocus(5000)</visible>
								</control>
							</control>
						</focusedlayout>
						<content>
							<item>
								<label>$INFO[Window(Home).Property(InfoWindow.Related.1.Title)]</label>
								<thumb>$INFO[Window(Home).Property(InfoWindow.Related.1.Thumb)]</thumb>
								<property name="Year">$INFO[Window(Home).Property(InfoWindow.Related.1.Year)]</property>
								<property name="IMDB">$INFO[Window(Home).Property(InfoWindow.Related.1.IMDB)]</property>
								<onclick>Dialog.Close(MovieInformation)</onclick>
								<onclick>RunScript(special://skin/resources/lib/global_search.py, $INFO[Window(Home).Property(InfoWindow.Related.1.IMDB)])</onclick>
								<visible>!String.IsEmpty(Window(Home).Property(InfoWindow.Related.1.Title))</visible>
							</item>
							<item>
								<label>$INFO[Window(Home).Property(InfoWindow.Related.2.Title)]</label>
								<thumb>$INFO[Window(Home).Property(InfoWindow.Related.2.Thumb)]</thumb>
								<property name="Year">$INFO[Window(Home).Property(InfoWindow.Related.2.Year)]</property>
								<property name="IMDB">$INFO[Window(Home).Property(InfoWindow.Related.2.IMDB)]</property>
								<onclick>Dialog.Close(MovieInformation)</onclick>
								<onclick>RunScript(special://skin/resources/lib/global_search.py, $INFO[Window(Home).Property(InfoWindow.Related.2.IMDB)])</onclick>
								<visible>!String.IsEmpty(Window(Home).Property(InfoWindow.Related.2.Title))</visible>
							</item>
							<item>
								<label>$INFO[Window(Home).Property(InfoWindow.Related.3.Title)]</label>
								<thumb>$INFO[Window(Home).Property(InfoWindow.Related.3.Thumb)]</thumb>
								<property name="Year">$INFO[Window(Home).Property(InfoWindow.Related.3.Year)]</property>
								<property name="IMDB">$INFO[Window(Home).Property(InfoWindow.Related.3.IMDB)]</property>
								<onclick>Dialog.Close(MovieInformation)</onclick>
								<onclick>RunScript(special://skin/resources/lib/global_search.py, $INFO[Window(Home).Property(InfoWindow.Related.3.IMDB)])</onclick>
								<visible>!String.IsEmpty(Window(Home).Property(InfoWindow.Related.3.Title))</visible>
							</item>
							<item>
								<label>$INFO[Window(Home).Property(InfoWindow.Related.4.Title)]</label>
								<thumb>$INFO[Window(Home).Property(InfoWindow.Related.4.Thumb)]</thumb>
								<property name="Year">$INFO[Window(Home).Property(InfoWindow.Related.4.Year)]</property>
								<property name="IMDB">$INFO[Window(Home).Property(InfoWindow.Related.4.IMDB)]</property>
								<onclick>Dialog.Close(MovieInformation)</onclick>
								<onclick>RunScript(special://skin/resources/lib/global_search.py, $INFO[Window(Home).Property(InfoWindow.Related.4.IMDB)])</onclick>
								<visible>!String.IsEmpty(Window(Home).Property(InfoWindow.Related.4.Title))</visible>
							</item>
							<item>
								<label>$INFO[Window(Home).Property(InfoWindow.Related.5.Title)]</label>
								<thumb>$INFO[Window(Home).Property(InfoWindow.Related.5.Thumb)]</thumb>
								<property name="Year">$INFO[Window(Home).Property(InfoWindow.Related.5.Year)]</property>
								<property name="IMDB">$INFO[Window(Home).Property(InfoWindow.Related.5.IMDB)]</property>
								<onclick>Dialog.Close(MovieInformation)</onclick>
								<onclick>RunScript(special://skin/resources/lib/global_search.py, $INFO[Window(Home).Property(InfoWindow.Related.5.IMDB)])</onclick>
								<visible>!String.IsEmpty(Window(Home).Property(InfoWindow.Related.5.Title))</visible>
							</item>
							<item>
								<label>$INFO[Window(Home).Property(InfoWindow.Related.6.Title)]</label>
								<thumb>$INFO[Window(Home).Property(InfoWindow.Related.6.Thumb)]</thumb>
								<property name="Year">$INFO[Window(Home).Property(InfoWindow.Related.6.Year)]</property>
								<property name="IMDB">$INFO[Window(Home).Property(InfoWindow.Related.6.IMDB)]</property>
								<onclick>Dialog.Close(MovieInformation)</onclick>
								<onclick>RunScript(special://skin/resources/lib/global_search.py, $INFO[Window(Home).Property(InfoWindow.Related.6.IMDB)])</onclick>
								<visible>!String.IsEmpty(Window(Home).Property(InfoWindow.Related.6.Title))</visible>
							</item>
							<item>
								<label>$INFO[Window(Home).Property(InfoWindow.Related.7.Title)]</label>
								<thumb>$INFO[Window(Home).Property(InfoWindow.Related.7.Thumb)]</thumb>
								<property name="Year">$INFO[Window(Home).Property(InfoWindow.Related.7.Year)]</property>
								<property name="IMDB">$INFO[Window(Home).Property(InfoWindow.Related.7.IMDB)]</property>
								<onclick>Dialog.Close(MovieInformation)</onclick>
								<onclick>RunScript(special://skin/resources/lib/global_search.py, $INFO[Window(Home).Property(InfoWindow.Related.7.IMDB)])</onclick>
								<visible>!String.IsEmpty(Window(Home).Property(InfoWindow.Related.7.Title))</visible>
							</item>
							<item>
								<label>$INFO[Window(Home).Property(InfoWindow.Related.8.Title)]</label>
								<thumb>$INFO[Window(Home).Property(InfoWindow.Related.8.Thumb)]</thumb>
								<property name="Year">$INFO[Window(Home).Property(InfoWindow.Related.8.Year)]</property>
								<property name="IMDB">$INFO[Window(Home).Property(InfoWindow.Related.8.IMDB)]</property>
								<onclick>Dialog.Close(MovieInformation)</onclick>
								<onclick>RunScript(special://skin/resources/lib/global_search.py, $INFO[Window(Home).Property(InfoWindow.Related.8.IMDB)])</onclick>
								<visible>!String.IsEmpty(Window(Home).Property(InfoWindow.Related.8.Title))</visible>
							</item>
							<item>
								<label>$INFO[Window(Home).Property(InfoWindow.Related.9.Title)]</label>
								<thumb>$INFO[Window(Home).Property(InfoWindow.Related.9.Thumb)]</thumb>
								<property name="Year">$INFO[Window(Home).Property(InfoWindow.Related.9.Year)]</property>
								<property name="IMDB">$INFO[Window(Home).Property(InfoWindow.Related.9.IMDB)]</property>
								<onclick>Dialog.Close(MovieInformation)</onclick>
								<onclick>RunScript(special://skin/resources/lib/global_search.py, $INFO[Window(Home).Property(InfoWindow.Related.9.IMDB)])</onclick>
								<visible>!String.IsEmpty(Window(Home).Property(InfoWindow.Related.9.Title))</visible>
							</item>
							<item>
								<label>$INFO[Window(Home).Property(InfoWindow.Related.10.Title)]</label>
								<thumb>$INFO[Window(Home).Property(InfoWindow.Related.10.Thumb)]</thumb>
								<property name="Year">$INFO[Window(Home).Property(InfoWindow.Related.10.Year)]</property>
								<property name="IMDB">$INFO[Window(Home).Property(InfoWindow.Related.10.IMDB)]</property>
								<onclick>Dialog.Close(MovieInformation)</onclick>
								<onclick>RunScript(special://skin/resources/lib/global_search.py, $INFO[Window(Home).Property(InfoWindow.Related.10.IMDB)])</onclick>
								<visible>!String.IsEmpty(Window(Home).Property(InfoWindow.Related.10.Title))</visible>
							</item>
						</content>
					</control>
				</control>
				</control>
				<include content="LeftRightArrows">
					<param name="list_id" value="50" />
					<param name="left_posx" value="-15" />
					<param name="right_posx" value="1240" />
					<param name="posy" value="320" />
					<param name="visible" value="true" />
				</include>
			</control>
			<control type="label">
				<right>80</right>
				<top>970</top>
				<align>right</align>
				<width>1400</width>
				<height>44</height>
				<font>font20_title</font>
				<textcolor>99FFFFFF</textcolor>
				<shadowcolor>text_shadow</shadowcolor>
				<haspath>true</haspath>
				<label>$VAR[VideoInfoBottomLabelVar]</label>
				<visible>Control.HasFocus(6)</visible>
				<animation effect="fade" start="0" end="100" time="300" delay="300">WindowOpen</animation>
				<animation effect="fade" start="100" end="0" time="200">WindowClose</animation>
				<animation effect="fade" start="0" end="100" time="300">Visible</animation>
				<animation effect="fade" start="100" end="0" time="200">Hidden</animation>
			</control>
			<!-- Removed InfoDialogTopBarInfo to prevent text overlay -->
		<control type="group">
			<animation effect="fade" start="0" end="100" time="300" delay="300">WindowOpen</animation>
			<animation effect="fade" start="100" end="0" time="200">WindowClose</animation>
			<animation effect="fade" start="100" end="0" time="200" tween="sine" condition="Window.IsVisible(script-embuary-video.xml) | Window.IsVisible(script-embuary-person.xml) | Window.IsVisible(script-embuary-image.xml)">Conditional</animation>
			<centerleft>50%</centerleft>
			<width>1920</width>
			<bottom>0</bottom>
			<height>70</height>
			<include>MediaFlags</include>
			<control type="group">
				<visible>Control.HasFocus(50) + !String.IsEqual(ListItem.DBType,set)</visible>
				<animation effect="fade" time="200">VisibleChange</animation>
				<top>10</top>
				<left>0</left>
				<control type="image">
					<left>21</left>
					<width>36</width>
					<height>36</height>
					<animation effect="rotate" end="-90" center="36,19" time="0" condition="true">Conditional</animation>
					<texture colordiffuse="grey">frame/menu-nofo.png</texture>
				</control>
				<control type="label">
					<left>74</left>
					<width>500</width>
					<height>44</height>
					<shadowcolor>text_shadow</shadowcolor>
					<label>$LOCALIZE[31125]</label>
				</control>
			</control>
			<control type="group">
				<visible>Control.HasFocus(138)</visible>
				<animation effect="fade" time="200">VisibleChange</animation>
				<top>10</top>
				<left>0</left>
				<control type="image">
					<top>4</top>
					<left>17</left>
					<width>36</width>
					<height>36</height>
					<texture colordiffuse="grey">lists/played-total.png</texture>
				</control>
				<control type="label">
					<left>74</left>
					<width>800</width>
					<height>44</height>
					<shadowcolor>text_shadow</shadowcolor>
					<label>$LOCALIZE[31126]</label>
				</control>
			</control>
		</control>
		<include condition="Skin.HasSetting(touchmode)">TouchBackButton</include>
	</controls>
</window>
