<?xml version="1.0" encoding="UTF-8"?>
<window>
	<defaultcontrol always="true">8</defaultcontrol>
	<onload>SetProperty(infobackground,$ESCINFO[ListItem.Art(fanart)],home)</onload>
	<onload>RunScript(special://skin/resources/lib/info_window_helper.py)</onload>
	<onunload>ClearProperty(infobackground,home)</onunload>
	<include name="VideoInfoStackButton">
		<param name="width">526</param>
		<definition>
			<control type="button" id="$PARAM[id]">
				<width>$PARAM[width]</width>
				<height>100</height>
				<align>center</align>
				<aligny>center</aligny>
				<font>font13</font>
				<textoffsetx>20</textoffsetx>
				<texturefocus border="21" colordiffuse="button_focus">buttons/dialogbutton-fo.png</texturefocus>
				<texturenofocus border="21">buttons/dialogbutton-nofo.png</texturenofocus>
				<label>$PARAM[label]</label>
				<onclick>$PARAM[onclick]</onclick>
				<visible>$PARAM[visible]</visible>
			</control>
		</definition>
	</include>
	<controls>
		<control type="image">
			<include>FullScreenDimensions</include>
			<texture background="true">$INFO[ListItem.Art(fanart)]</texture>
			<fadetime>600</fadetime>
			<aspectratio>scale</aspectratio>
		</control>
		<control type="image">
			<include>FullScreenDimensions</include>
			<texture>colors/black_50.png</texture>
		</control>
		<control type="group">
			<top>50</top>
			<height>1080</height>
			<centerleft>50%</centerleft>
			<width>1920</width>
			<animation effect="fade" start="100" end="0" time="200" tween="sine" condition="Window.IsVisible(script-embuary-video.xml) | Window.IsVisible(script-embuary-person.xml) | Window.IsVisible(script-embuary-image.xml)">Conditional</animation>
			<control type="group">
				<top>0</top>
				<left>66</left>
				<include>OpenClose_Left</include>
				<control type="image">
					<top>-16</top>
					<left>-16</left>
					<width>566</width>
					<height>841</height>
					<texture>colors/black.png</texture>
					<bordertexture border="21" infill="false">overlays/shadow.png</bordertexture>
					<bordersize>20</bordersize>
				</control>
				<control type="image">
					<depth>DepthContentPopout</depth>
					<left>4</left>
					<top>4</top>
					<width>526</width>
					<height>801</height>
					<aspectratio>scale</aspectratio>
					<texture fallback="DefaultVideo.png" background="true">$VAR[InfoDialogPosterVar]</texture>
				</control>
				<control type="group">
					<visible>String.IsEqual(ListItem.DBType,episode) | String.IsEqual(ListItem.DBType,video)</visible>
					<visible>!String.IsEmpty(ListItem.Art(thumb)) + !String.IsEqual(ListItem.Art(thumb),ListItem.Art(poster))</visible>
					<control type="image">
						<left>4</left>
						<top>4</top>
						<width>526</width>
						<height>801</height>
						<aspectratio>stretch</aspectratio>
						<texture colordiffuse="AAFFFFFF" fallback="DefaultVideo.png">colors/black.png</texture>
					</control>
					<control type="image">
						<left>14</left>
						<top>4</top>
						<width>506</width>
						<height>801</height>
						<aspectratio>keep</aspectratio>
						<texture>$VAR[ShiftThumbVar]</texture>
						<bordertexture border="21" infill="false">overlays/shadow.png</bordertexture>
						<bordersize>20</bordersize>
					</control>
				</control>
				<!-- Action Buttons under Poster - Vertically Stacked -->
				<control type="grouplist" id="8000">
					<left>4</left>
					<top>815</top>
					<width>526</width>
					<height>250</height>
					<itemgap>10</itemgap>
					<orientation>vertical</orientation>
					<onup>SetFocus(1011)</onup>
					<onright>50</onright>
					<ondown>5000</ondown>
					
					<include content="VideoInfoStackButton">
						<param name="id" value="8" />
						<param name="label" value="$VAR[VideoInfoPlayButtonLabelVar]" />
						<param name="onclick" value="SendClick(8)" />
						<param name="visible" value="Control.IsEnabled(8)" />
					</include>
					<include content="VideoInfoStackButton">
						<param name="id" value="11" />
						<param name="label" value="$LOCALIZE[20410]" />
						<param name="onclick" value="SendClick(11)" />
						<param name="visible" value="Control.IsEnabled(11)" />
					</include>
				</control>
			</control>
			<control type="group">
				<top>0</top>
				<left>70</left>
				<visible>String.IsEqual(ListItem.DBType,musicvideo) + !Skin.HasSetting(show_musicvideoposter)</visible>
				<include>OpenClose_Left</include>
				<control type="image">
					<width>526</width>
					<height>801</height>
					<aspectratio>stretch</aspectratio>
					<texture colordiffuse="FF555555">DefaultVideo.png</texture>
				</control>
				<control type="image">
					<left>10</left>
					<width>506</width>
					<height>801</height>
					<aspectratio>keep</aspectratio>
					<texture>$INFO[ListItem.Thumb]</texture>
					<bordertexture border="21" infill="false">overlays/shadow.png</bordertexture>
					<bordersize>20</bordersize>
				</control>
			</control>
			<control type="group">
				<include>OpenClose_Right</include>
				<left>648</left>
				<top>0</top>
				<control type="group" id="140">
					<left>-3</left>
					<top>0</top>
					<control type="button" id="138">
						<width>757</width>
						<height>393</height>
						<textoffsetx>40</textoffsetx>
						<textoffsety>20</textoffsety>
						<aligny>bottom</aligny>
						<label></label>
						<onclick condition="!String.IsEmpty(ListItem.Plot)">SetProperty(TextViewer_Header,$LOCALIZE[207],home)</onclick>
						<onclick condition="!String.IsEmpty(ListItem.Plot)">SetProperty(TextViewer_Text,$ESCINFO[ListItem.Plot],home)</onclick>
						<onclick condition="!String.IsEmpty(ListItem.Plot)">ActivateWindow(1102)</onclick>
						<onup>SetFocus(1011)</onup>
						<onleft>8</onleft>
						<onright>4000</onright>
						<ondown>50</ondown>
						<texturenofocus border="21">dialogs/dialog-bg.png</texturenofocus>
						<visible>Integer.IsGreater(Container(4000).NumItems,0)</visible>
					</control>
					<control type="image">
						<left>738</left>
						<width>415</width>
						<height>393</height>
						<aligny>bottom</aligny>
						<texture border="21">dialogs/dialog-bg.png</texture>
						<visible>Integer.IsGreater(Container(4000).NumItems,0)</visible>
					</control>
					<control type="button" id="139">
						<width>1156</width>
						<height>393</height>
						<textoffsetx>40</textoffsetx>
						<textoffsety>20</textoffsety>
						<aligny>bottom</aligny>
						<label></label>
						<onclick condition="!String.IsEmpty(ListItem.Plot)">SetProperty(TextViewer_Header,$LOCALIZE[207],home)</onclick>
						<onclick condition="!String.IsEmpty(ListItem.Plot)">SetProperty(TextViewer_Text,$ESCINFO[ListItem.Plot],home)</onclick>
						<onclick condition="!String.IsEmpty(ListItem.Plot)">ActivateWindow(1102)</onclick>
						<onup>SetFocus(1011)</onup>
						<onleft>8</onleft>
						<onright>4000</onright>
						<ondown>50</ondown>
						<texturenofocus border="21">dialogs/dialog-bg.png</texturenofocus>
						<visible>!Integer.IsGreater(Container(4000).NumItems,0)</visible>
					</control>
					<control type="textbox">
						<left>40</left>
						<top>25</top>
						<width>670</width>
						<height>358</height>
						<label fallback="19055">$INFO[ListItem.Plot]</label>
						<autoscroll delay="10000" time="5000" repeat="10000">Skin.HasSetting(AutoScroll)</autoscroll>
						<visible>Integer.IsGreater(Container(4000).NumItems,0)</visible>
					</control>
					<control type="textbox">
						<left>40</left>
						<top>25</top>
						<width>1076</width>
						<height>358</height>
						<label fallback="19055">$INFO[ListItem.Plot]</label>
						<autoscroll delay="10000" time="5000" repeat="10000">Skin.HasSetting(AutoScroll)</autoscroll>
						<visible>!Integer.IsGreater(Container(4000).NumItems,0)</visible>
					</control>
				</control>
				<control type="grouplist" id="4000">
					<orientation>vertical</orientation>
					<left>752</left>
					<top>20</top>
					<height>402</height>
					<itemgap>-8</itemgap>
					<ondown>50</ondown>
					<onup>SetFocus(1011)</onup>
					<onright>140</onright>
					<onleft>8</onleft>
					<include content="InfoDialogMetadata">
						<param name="control_id" value="146" />
						<param name="label" value="[COLOR button_focus]$LOCALIZE[40003]: [/COLOR]$INFO[ListItem.VideoVersionName]" />
						<param name="altlabel" value="$LOCALIZE[40003]: $INFO[ListItem.VideoVersionname]" />
						<param name="visible" value="!String.IsEmpty(ListItem.VideoVersionName)" />
					</include>
					<include content="InfoDialogMetadata">
						<param name="control_id" value="10147" />
						<param name="label" value="$INFO[ListItem.Director,[COLOR button_focus]$LOCALIZE[20339]: [/COLOR]]" />
						<param name="altlabel" value="$INFO[ListItem.Director,$LOCALIZE[20339]: ]" />
						<param name="onclick" value="Skin.SetString(AIOStreams_SearchQuery, $ESCINFO[ListItem.Director]);ActivateWindow(1108)" />
						<param name="visible" value="!String.IsEmpty(ListItem.Director)" />
					</include>
					<include content="InfoDialogMetadata">
						<param name="control_id" value="10148" />
						<param name="label" value="$INFO[ListItem.Writer,[COLOR button_focus]$LOCALIZE[20417]: [/COLOR]]" />
						<param name="altlabel" value="$INFO[ListItem.Writer,$LOCALIZE[20417]: ]" />
						<param name="onclick" value="Skin.SetString(AIOStreams_SearchQuery, $ESCINFO[ListItem.Writer]);ActivateWindow(1108)" />
						<param name="visible" value="!String.IsEmpty(ListItem.Writer)" />
					</include>
					<include content="InfoDialogMetadata">
						<param name="control_id" value="149" />
						<param name="label" value="[COLOR button_focus]$LOCALIZE[563]: [/COLOR]$INFO[ListItem.RatingAndVotes]" />
						<param name="altlabel" value="$LOCALIZE[563]: $INFO[ListItem.RatingAndVotes]" />
						<param name="visible" value="!String.IsEmpty(ListItem.RatingAndVotes)" />
					</include>
					<include content="InfoDialogMetadata">
						<param name="control_id" value="150" />
						<param name="label" value="[COLOR button_focus]$LOCALIZE[515]: [/COLOR]$INFO[ListItem.Genre]" />
						<param name="altlabel" value="$LOCALIZE[515]: $INFO[ListItem.Genre]" />
						<param name="visible" value="!String.IsEmpty(ListItem.Genre) + [String.IsEqual(ListItem.DBType,musicvideo) | String.IsEqual(ListItem.DBType,movie)]" />
					</include>
					<include content="InfoDialogMetadata">
						<param name="control_id" value="152" />
						<param name="label" value="[COLOR button_focus]$LOCALIZE[21875]: [/COLOR]$INFO[ListItem.Country]" />
						<param name="altlabel" value="$LOCALIZE[21875]: $INFO[ListItem.Country]" />
						<param name="visible" value="!String.IsEmpty(ListItem.Country)" />
					</include>
					<include content="InfoDialogMetadata">
						<param name="control_id" value="153" />
						<param name="label" value="[COLOR button_focus]$LOCALIZE[29909]: [/COLOR]$INFO[ListItem.Studio]" />
						<param name="altlabel" value="$LOCALIZE[29909]: $INFO[ListItem.Studio]" />
						<param name="visible" value="!String.IsEmpty(ListItem.Studio)" />
					</include>
					<include content="InfoDialogMetadata">
						<param name="control_id" value="154" />
						<param name="label" value="[COLOR button_focus]$VAR[FirstAiredLabel]: [/COLOR]$INFO[ListItem.Premiered]" />
						<param name="altlabel" value="$VAR[FirstAiredLabel]: $INFO[ListItem.Premiered]" />
						<param name="visible" value="!String.IsEmpty(ListItem.Premiered)" />
					</include>
					<include content="InfoDialogMetadata">
						<param name="control_id" value="155" />
						<param name="label" value="[COLOR button_focus]$LOCALIZE[31048]: [/COLOR]$INFO[ListItem.Season,, $LOCALIZE[36905]]$INFO[ListItem.Episode, (, $LOCALIZE[20453])]" />
						<param name="altlabel" value="$LOCALIZE[31048]: $INFO[ListItem.Season,, $LOCALIZE[36905]]$INFO[ListItem.Episode, (, $LOCALIZE[20453])]" />
						<param name="visible" value="!String.IsEmpty(ListItem.Season) + String.IsEqual(ListItem.DBType,tvshow)" />
					</include>
					<include content="InfoDialogMetadata">
						<param name="control_id" value="156" />
						<param name="label" value="[COLOR button_focus]$LOCALIZE[31048]: [/COLOR]$INFO[ListItem.Episode,, $LOCALIZE[20453]]" />
						<param name="altlabel" value="$LOCALIZE[31048]: $INFO[ListItem.Episode,, $LOCALIZE[20453]]" />
						<param name="visible" value="!String.IsEmpty(ListItem.Episode) + String.IsEqual(ListItem.DBType,season)" />
					</include>
					<include content="InfoDialogMetadata">
						<param name="control_id" value="157" />
						<param name="label" value="[COLOR button_focus]$LOCALIZE[31017]: [/COLOR]$INFO[ListItem.Mpaa]" />
						<param name="altlabel" value="$LOCALIZE[31017]: $INFO[ListItem.Mpaa]" />
						<param name="visible" value="!String.IsEmpty(ListItem.Mpaa)" />
					</include>
					<include content="InfoDialogMetadata">
						<param name="control_id" value="158" />
						<param name="label" value="[COLOR button_focus]$LOCALIZE[20457]: [/COLOR]$INFO[ListItem.Set]" />
						<param name="altlabel" value="$LOCALIZE[20457]: $INFO[ListItem.Set]" />
						<param name="visible" value="!String.IsEmpty(ListItem.Set)" />
					</include>
					<include content="InfoDialogMetadata">
						<param name="control_id" value="159" />
						<param name="label" value="[COLOR button_focus]$LOCALIZE[20459]: [/COLOR]$INFO[ListItem.Tag]" />
						<param name="altlabel" value="$LOCALIZE[20459]: $INFO[ListItem.Tag]" />
						<param name="visible" value="!String.IsEmpty(ListItem.Tag)" />
					</include>
					<include content="InfoDialogMetadata">
						<param name="control_id" value="160" />
						<param name="label" value="[COLOR button_focus]$LOCALIZE[126]: [/COLOR]$INFO[ListItem.Status]" />
						<param name="altlabel" value="$LOCALIZE[126]: $INFO[ListItem.Status]" />
						<param name="visible" value="!String.IsEmpty(ListItem.Status)" />
					</include>
					<include content="InfoDialogMetadata">
						<param name="control_id" value="161" />
						<param name="label" value="[COLOR button_focus]$LOCALIZE[570]: [/COLOR]$INFO[ListItem.DateAdded]" />
						<param name="altlabel" value="$LOCALIZE[570]: $INFO[ListItem.DateAdded]" />
						<param name="visible" value="!String.IsEmpty(ListItem.DateAdded) + [String.IsEqual(ListItem.DBType,episode) | String.IsEqual(ListItem.DBType,movie) | String.IsEqual(ListItem.DBType,musicvideo) | String.IsEqual(ListItem.DBType,video)]" />
					</include>
					<include content="InfoDialogMetadata">
						<param name="control_id" value="163" />
						<param name="label" value="[COLOR button_focus]$LOCALIZE[576]: [/COLOR]$INFO[ListItem.PlayCount]" />
						<param name="altlabel" value="$LOCALIZE[576]: $INFO[ListItem.PlayCount]" />
						<param name="visible" value="!String.IsEmpty(ListItem.PlayCount)" />
					</include>
					<include content="InfoDialogMetadata">
						<param name="control_id" value="164" />
						<param name="label" value="[COLOR button_focus]$LOCALIZE[568]: [/COLOR]$INFO[ListItem.LastPlayed]" />
						<param name="altlabel" value="$LOCALIZE[568]: $INFO[ListItem.LastPlayed]" />
						<param name="visible" value="!String.IsEmpty(ListItem.LastPlayed)" />
					</include>
					<include content="InfoDialogMetadata">
						<param name="control_id" value="165" />
						<param name="label" value="[COLOR button_focus]$LOCALIZE[564]: [/COLOR]$INFO[ListItem.DBType]" />
						<param name="altlabel" value="$LOCALIZE[564]: $INFO[ListItem.DBType]" />
						<param name="visible" value="!String.IsEmpty(ListItem.DBType)" />
					</include>
				</control>
				<control type="image">
					<left>77</left>
					<top>185</top>
					<width>1090</width>
					<height>283</height>
					<fadetime>150</fadetime>
					<aspectratio>keep</aspectratio>
					<texture>$VAR[BannerVar]</texture>
				</control>
				<!-- Relocated Cast Area -->
				<control type="group">
					<left>0</left>
					<top>400</top>
					<width>1245</width>
					<height>370</height>
					
					<!-- Cast Tile 1 -->
					<control type="group">
						<left>0</left>
						<top>0</top>
						<width>200</width>
						<height>350</height>
						<!-- 3px Red Focus Border -->
						<control type="image">
							<left>-3</left>
							<top>-3</top>
							<width>206</width>
							<height>356</height>
							<texture colordiffuse="FFFF0000">colors/white.png</texture>
							<visible>Control.HasFocus(50)</visible>
						</control>
						<control type="image">
							<left>0</left>
							<top>0</top>
							<width>200</width>
							<height>350</height>
							<texture colordiffuse="33FFFFFF">colors/white.png</texture>
						</control>
						<control type="image">
							<left>10</left>
							<top>10</top>
							<width>180</width>
							<height>270</height>
							<texture background="true">$INFO[Window(Home).Property(InfoWindow.Cast.1.Thumb)]</texture>
							<aspectratio aligny="center">scale</aspectratio>
						</control>
						<control type="label">
							<left>10</left>
							<top>290</top>
							<width>180</width>
							<height>50</height>
							<align>center</align>
							<aligny>center</aligny>
							<font>font12</font>
							<textcolor>white</textcolor>
							<label>$INFO[Window(Home).Property(InfoWindow.Cast.1.Name)]</label>
						</control>
						<control type="button" id="50">
							<left>0</left>
							<top>0</top>
							<width>200</width>
							<height>350</height>
							<texturefocus>-</texturefocus>
							<texturenofocus>-</texturenofocus>
							<onclick>Dialog.Close(MovieInformation)</onclick>
							<onclick>Skin.SetString(AIOStreams_SearchQuery,$INFO[Window(Home).Property(InfoWindow.Cast.1.Name)])</onclick>
							<onclick>ActivateWindow(1108)</onclick>
							<onup>140</onup>
							<onleft>8</onleft>
							<onright>51</onright>
							<ondown>8</ondown>
						</control>
					</control>

					<!-- Cast Tile 2 -->
					<control type="group">
						<left>236</left>
						<top>0</top>
						<width>200</width>
						<height>350</height>
						<!-- 3px Red Focus Border -->
						<control type="image">
							<left>-3</left>
							<top>-3</top>
							<width>206</width>
							<height>356</height>
							<texture colordiffuse="FFFF0000">colors/white.png</texture>
							<visible>Control.HasFocus(51)</visible>
						</control>
						<control type="image">
							<left>0</left>
							<top>0</top>
							<width>200</width>
							<height>350</height>
							<texture colordiffuse="33FFFFFF">colors/white.png</texture>
						</control>
						<control type="image">
							<left>10</left>
							<top>10</top>
							<width>180</width>
							<height>270</height>
							<texture background="true">$INFO[Window(Home).Property(InfoWindow.Cast.2.Thumb)]</texture>
							<aspectratio aligny="center">scale</aspectratio>
						</control>
						<control type="label">
							<left>10</left>
							<top>290</top>
							<width>180</width>
							<height>50</height>
							<align>center</align>
							<aligny>center</aligny>
							<font>font12</font>
							<textcolor>white</textcolor>
							<label>$INFO[Window(Home).Property(InfoWindow.Cast.2.Name)]</label>
						</control>
						<control type="button" id="51">
							<left>0</left>
							<top>0</top>
							<width>200</width>
							<height>350</height>
							<texturefocus>-</texturefocus>
							<texturenofocus>-</texturenofocus>
							<onclick>Dialog.Close(MovieInformation)</onclick>
							<onclick>Skin.SetString(AIOStreams_SearchQuery,$INFO[Window(Home).Property(InfoWindow.Cast.2.Name)])</onclick>
							<onclick>ActivateWindow(1108)</onclick>
							<onup>140</onup>
							<onleft>50</onleft>
							<onright>52</onright>
							<ondown>8</ondown>
						</control>
					</control>

					<!-- Cast Tile 3 -->
					<control type="group">
						<left>472</left>
						<top>0</top>
						<width>200</width>
						<height>350</height>
						<!-- 3px Red Focus Border -->
						<control type="image">
							<left>-3</left>
							<top>-3</top>
							<width>206</width>
							<height>356</height>
							<texture colordiffuse="FFFF0000">colors/white.png</texture>
							<visible>Control.HasFocus(52)</visible>
						</control>
						<control type="image">
							<left>0</left>
							<top>0</top>
							<width>200</width>
							<height>350</height>
							<texture colordiffuse="33FFFFFF">colors/white.png</texture>
						</control>
						<control type="image">
							<left>10</left>
							<top>10</top>
							<width>180</width>
							<height>270</height>
							<texture background="true">$INFO[Window(Home).Property(InfoWindow.Cast.3.Thumb)]</texture>
							<aspectratio aligny="center">scale</aspectratio>
						</control>
						<control type="label">
							<left>10</left>
							<top>290</top>
							<width>180</width>
							<height>50</height>
							<align>center</align>
							<aligny>center</aligny>
							<font>font12</font>
							<textcolor>white</textcolor>
							<label>$INFO[Window(Home).Property(InfoWindow.Cast.3.Name)]</label>
						</control>
						<control type="button" id="52">
							<left>0</left>
							<top>0</top>
							<width>200</width>
							<height>350</height>
							<texturefocus>-</texturefocus>
							<texturenofocus>-</texturenofocus>
							<onclick>Dialog.Close(MovieInformation)</onclick>
							<onclick>Skin.SetString(AIOStreams_SearchQuery,$INFO[Window(Home).Property(InfoWindow.Cast.3.Name)])</onclick>
							<onclick>ActivateWindow(1108)</onclick>
							<onup>140</onup>
							<onleft>51</onleft>
							<onright>53</onright>
							<ondown>8</ondown>
						</control>
					</control>

					<!-- Cast Tile 4 -->
					<control type="group">
						<left>708</left>
						<top>0</top>
						<width>200</width>
						<height>350</height>
						<!-- 3px Red Focus Border -->
						<control type="image">
							<left>-3</left>
							<top>-3</top>
							<width>206</width>
							<height>356</height>
							<texture colordiffuse="FFFF0000">colors/white.png</texture>
							<visible>Control.HasFocus(53)</visible>
						</control>
						<control type="image">
							<left>0</left>
							<top>0</top>
							<width>200</width>
							<height>350</height>
							<texture colordiffuse="33FFFFFF">colors/white.png</texture>
						</control>
						<control type="image">
							<left>10</left>
							<top>10</top>
							<width>180</width>
							<height>270</height>
							<texture background="true">$INFO[Window(Home).Property(InfoWindow.Cast.4.Thumb)]</texture>
							<aspectratio aligny="center">scale</aspectratio>
						</control>
						<control type="label">
							<left>10</left>
							<top>290</top>
							<width>180</width>
							<height>50</height>
							<align>center</align>
							<aligny>center</aligny>
							<font>font12</font>
							<textcolor>white</textcolor>
							<label>$INFO[Window(Home).Property(InfoWindow.Cast.4.Name)]</label>
						</control>
						<control type="button" id="53">
							<left>0</left>
							<top>0</top>
							<width>200</width>
							<height>350</height>
							<texturefocus>-</texturefocus>
							<texturenofocus>-</texturenofocus>
							<onclick>Dialog.Close(MovieInformation)</onclick>
							<onclick>Skin.SetString(AIOStreams_SearchQuery,$INFO[Window(Home).Property(InfoWindow.Cast.4.Name)])</onclick>
							<onclick>ActivateWindow(1108)</onclick>
							<onup>140</onup>
							<onleft>52</onleft>
							<onright>54</onright>
							<ondown>8</ondown>
						</control>
					</control>

					<!-- Cast Tile 5 -->
					<control type="group">
						<left>944</left>
						<top>0</top>
						<width>200</width>
						<height>350</height>
						<!-- 3px Red Focus Border -->
						<control type="image">
							<left>-3</left>
							<top>-3</top>
							<width>206</width>
							<height>356</height>
							<texture colordiffuse="FFFF0000">colors/white.png</texture>
							<visible>Control.HasFocus(54)</visible>
						</control>
						<control type="image">
							<left>0</left>
							<top>0</top>
							<width>200</width>
							<height>350</height>
							<texture colordiffuse="33FFFFFF">colors/white.png</texture>
						</control>
						<control type="image">
							<left>10</left>
							<top>10</top>
							<width>180</width>
							<height>270</height>
							<texture background="true">$INFO[Window(Home).Property(InfoWindow.Cast.5.Thumb)]</texture>
							<aspectratio aligny="center">scale</aspectratio>
						</control>
						<control type="label">
							<left>10</left>
							<top>290</top>
							<width>180</width>
							<height>50</height>
							<align>center</align>
							<aligny>center</aligny>
							<font>font12</font>
							<textcolor>white</textcolor>
							<label>$INFO[Window(Home).Property(InfoWindow.Cast.5.Name)]</label>
						</control>
						<control type="button" id="54">
							<left>0</left>
							<top>0</top>
							<width>200</width>
							<height>350</height>
							<texturefocus>-</texturefocus>
							<texturenofocus>-</texturenofocus>
							<onclick>Dialog.Close(MovieInformation)</onclick>
							<onclick>Skin.SetString(AIOStreams_SearchQuery,$INFO[Window(Home).Property(InfoWindow.Cast.5.Name)])</onclick>
							<onclick>ActivateWindow(1108)</onclick>
							<onup>140</onup>
							<onleft>8</onleft>
							<onright>50</onright>
							<ondown>5000</ondown>
						</control>
					</control>
				</control>
				<include content="LeftRightArrows">
					<param name="list_id" value="50" />
					<param name="left_posx" value="-15" />
					<param name="right_posx" value="1240" />
					<param name="posy" value="320" />
					<param name="visible" value="true" />
				</include>
			</control>
			<control type="label">
				<right>80</right>
				<top>970</top>
				<align>right</align>
				<width>1400</width>
				<height>44</height>
				<font>font20_title</font>
				<textcolor>99FFFFFF</textcolor>
				<shadowcolor>text_shadow</shadowcolor>
				<haspath>true</haspath>
				<label>$VAR[VideoInfoBottomLabelVar]</label>
				<visible>Control.HasFocus(6)</visible>
				<animation effect="fade" start="0" end="100" time="300" delay="300">WindowOpen</animation>
				<animation effect="fade" start="100" end="0" time="200">WindowClose</animation>
				<animation effect="fade" start="0" end="100" time="300">Visible</animation>
				<animation effect="fade" start="100" end="0" time="200">Hidden</animation>
			</control>
			<include content="InfoDialogTopBarInfo">
				<param name="main_label" value="$VAR[VideoInfoMainLabelVar]" />
				<param name="sub_label" value="$VAR[VideoInfoSubLabelVar]" />
			</include>
		</control>
		<control type="group">
			<animation effect="fade" start="0" end="100" time="300" delay="300">WindowOpen</animation>
			<animation effect="fade" start="100" end="0" time="200">WindowClose</animation>
			<animation effect="fade" start="100" end="0" time="200" tween="sine" condition="Window.IsVisible(script-embuary-video.xml) | Window.IsVisible(script-embuary-person.xml) | Window.IsVisible(script-embuary-image.xml)">Conditional</animation>
			<centerleft>50%</centerleft>
			<width>1920</width>
			<bottom>0</bottom>
			<height>70</height>
			<include>MediaFlags</include>
			<control type="group">
				<visible>Control.HasFocus(50) + !String.IsEqual(ListItem.DBType,set)</visible>
				<animation effect="fade" time="200">VisibleChange</animation>
				<top>10</top>
				<left>0</left>
				<control type="image">
					<left>21</left>
					<width>36</width>
					<height>36</height>
					<animation effect="rotate" end="-90" center="36,19" time="0" condition="true">Conditional</animation>
					<texture colordiffuse="grey">frame/menu-nofo.png</texture>
				</control>
				<control type="label">
					<left>74</left>
					<width>500</width>
					<height>44</height>
					<shadowcolor>text_shadow</shadowcolor>
					<label>$LOCALIZE[31125]</label>
				</control>
			</control>
			<control type="group">
				<visible>Control.HasFocus(138)</visible>
				<animation effect="fade" time="200">VisibleChange</animation>
				<top>10</top>
				<left>0</left>
				<control type="image">
					<top>4</top>
					<left>17</left>
					<width>36</width>
					<height>36</height>
					<texture colordiffuse="grey">lists/played-total.png</texture>
				</control>
				<control type="label">
					<left>74</left>
					<width>800</width>
					<height>44</height>
					<shadowcolor>text_shadow</shadowcolor>
					<label>$LOCALIZE[31126]</label>
				</control>
			</control>
		</control>
		<include condition="Skin.HasSetting(touchmode)">TouchBackButton</include>
	</controls>
</window>
