<?xml version="1.0" encoding="utf-8"?>
<window>
    <include file="Includes.xml"/>
	<onload condition="!Player.PauseEnabled">SetFocus(603)</onload>
	<defaultcontrol always="true">602</defaultcontrol>
	<depth>DepthOSD</depth>
	<controls>
		<control type="button">
			<description>background close area</description>
			<left>0</left>
			<top>0</top>
			<width>100%</width>
			<bottom>180</bottom>
			<texture></texture>
					</control>
				</control>
				<control type="radiobutton" id="603">
					<include content="OSDButton">
						<param name="texture" value="osd/fullscreen/buttons/stop.png"/>
					</include>
					<onclick>PlayerControl(Stop)</onclick>
				</control>
				<control type="radiobutton" id="606">
					<include content="OSDButton">
						<param name="texture" value="osd/fullscreen/buttons/forward.png"/>
					</include>
					<onclick condition="Player.Paused">PlayerControl(Play)</onclick>
					<onclick condition="!Player.Paused">PlayerControl(Forward)</onclick>
					<visible>Player.SeekEnabled + !MusicPlayer.Content(livetv)</visible>
				</control>
				<control type="radiobutton" id="607">
					<include content="OSDButton">
						<param name="texture" value="osd/fullscreen/buttons/next.png"/>
					</include>
					<onclick>PlayerControl(Next)</onclick>
					<visible>Player.ChapterCount | MusicPlayer.HasNext | PVR.IsTimeShift</visible>
				</control>
				<control type="radiobutton" id="608">
					<texture></texture>
					</control>
				</control>
				<control type="radiobutton" id="70054">
					<textureradioonfocus colordiffuse="white">osd/fullscreen/buttons/random-on.png</textureradioonfocus>
					<textureradioonnofocus>osd/fullscreen/buttons/random-on.png</textureradioonnofocus>
					<textureradioofffocus colordiffuse="white">osd/fullscreen/buttons/random-off.png</textureradioofffocus>
					<textureradiooffnofocus>osd/fullscreen/buttons/random-off.png</textureradiooffnofocus>
					<textureradioondisabled colordiffuse="disabled">osd/fullscreen/buttons/random-on.png</textureradioondisabled>
					<textureradiooffdisabled colordiffuse="disabled">osd/fullscreen/buttons/random-off.png</textureradiooffdisabled>
					<texturefocus></texturefocus>
					<width>76</width>
					<animation type="Focus" center="38,38" effect="zoom" end="100" reversible="false" start="95" time="480" tween="back"/>
					<height>76</height>
					<radiowidth>74</radiowidth>
					<radioheight>74</radioheight>
					<font></font>
					<texturenofocus />
					<radioposx>1</radioposx>
					<radioposy>0</radioposy>
					<selected>Playlist.IsRandom</selected>
					<visible>![MusicPlayer.Content(LiveTV) | MusicPartyMode.Enabled]</visible>
					<onclick>PlayerControl(Random)</onclick>
				</control>
				<control type="radiobutton" id="70055">
					<include content="OSDButton">
						<param name="texture" value="osd/fullscreen/buttons/settings-subtitle.png"/>
					</include>
					<onclick>Close</onclick>
					<onclick condition="!String.IsEmpty(Skin.String(LyricScript_Path))">RunScript($INFO[Skin.String(LyricScript_Path)])</onclick>
					<onclick condition="String.IsEmpty(Skin.String(LyricScript_Path))">Skin.SetAddon(LyricScript_Path,xbmc.python.lyrics)</onclick>
					<onclick condition="String.IsEmpty(Skin.String(LyricScript_Path))">Close</onclick>
					<onclick condition="String.IsEmpty(Skin.String(LyricScript_Path))">RunScript($INFO[Skin.String(LyricScript_Path)])</onclick>
				</control>
				<control type="radiobutton" id="70048">
					<include content="OSDButton">
						<param name="texture" value="osd/fullscreen/buttons/settings.png"/>
					</include>
					<onclick>ActivateWindow(1105)</onclick>
				</control>
			</control>
			<control type="label">
				<animation type="conditional" effect="slide" end="0,-20" time="150" condition="MusicPlayer.Content(LiveTV)"/>
				<right>20</right>
				<top>-60</top>
				<aligny>center</aligny>
				<align>right</align>
				<width>1000</width>
				<height>50</height>
				<label>$VAR[OSDHelpTextVar]</label>
				<shadowcolor>black</shadowcolor>
			</control>
		</control>
		<control type="group">
			<bottom>0</bottom>
			<height>120</height>
			<animation type="WindowOpen" condition="!Player.ShowInfo" reversible="False">
				<effect type="fade" start="0" end="100" time="300"/>
				<effect type="slide" start="0,200" end="0,0" time="300" tween="cubic" easing="out"/>
			</animation>
			<animation type="WindowClose" condition="!Player.ShowInfo" reversible="False">
				<effect type="fade" start="100" end="0" time="300"/>
				<effect type="slide" start="0,0" end="0,200" time="300" tween="cubic" easing="out"/>
			</animation>
			<animation type="WindowOpen" condition="Player.ShowInfo" reversible="False">
				<effect type="fade" start="0" end="100" time="300"/>
			</animation>
			<animation type="WindowClose" condition="Player.ShowInfo" reversible="False">
				<effect type="fade" start="100" end="0" time="300"/>
			</animation>
			<control type="button" id="87">
				<include>HiddenObject</include>
				<onup>200</onup>
				<ondown>200</ondown>
				<onleft>StepBack</onleft>
				<onright>StepForward</onright>
			</control>
			<control type="slider">
				<left>0</left>
				<top>-5</top>
				<width>100%</width>
				<height>26</height>
				<onup>8010</onup>
				<ondown>650</ondown>
				<texturesliderbar colordiffuse="00FFFFFF">common/nub_leftright.png</texturesliderbar>
				<textureslidernib >common/nub_leftright.png</textureslidernib>
				<textureslidernibfocus colordiffuse="button_focus">common/nub_leftright.png</textureslidernibfocus>
				<info>Player.Progress</info>
				<onup>201</onup>
				<ondown>200</ondown>
				<visible>Player.SeekEnabled + !Control.HasFocus(87) + !MusicPlayer.Content(LiveTV)</visible>
				<action>seek</action>
			</control>
			<control type="slider">
				<left>0</left>
				<top>-5</top>
				<width>100%</width>
				<height>26</height>
				<onup>8010</onup>
				<ondown>650</ondown>
				<texturesliderbar colordiffuse="00FFFFFF">common/nub_leftright.png</texturesliderbar>
				<textureslidernib colordiffuse="button_focus">common/nub_leftright.png</textureslidernib>
				<textureslidernibfocus colordiffuse="button_focus">common/nub_leftright.png</textureslidernibfocus>
				<info>Player.Progress</info>
				<onup>201</onup>
				<ondown>200</ondown>
				<visible>Player.SeekEnabled + Control.HasFocus(87) + !MusicPlayer.Content(LiveTV)</visible>
				<action>seek</action>
			</control>
			<control type="slider">
				<left>0</left>
				<top>-5</top>
				<width>100%</width>
				<height>26</height>
				<onup>8010</onup>
				<ondown>650</ondown>
				<texturesliderbar colordiffuse="00FFFFFF">common/nub_leftright.png</texturesliderbar>
				<textureslidernib >common/nub_leftright.png</textureslidernib>
				<textureslidernibfocus colordiffuse="button_focus">common/nub_leftright.png</textureslidernibfocus>
				<info>PVR.TimeshiftProgressPlayPos</info>
				<onup>201</onup>
				<ondown>200</ondown>
				<action>pvr.seek</action>
				<visible>Player.SeekEnabled + !Control.HasFocus(87) + MusicPlayer.Content(LiveTV)</visible>
			</control>
			<control type="slider">
				<left>0</left>
				<top>-5</top>
				<width>100%</width>
				<height>26</height>
				<onup>8010</onup>
				<ondown>650</ondown>
				<texturesliderbar colordiffuse="00FFFFFF">common/nub_leftright.png</texturesliderbar>
				<textureslidernib colordiffuse="button_focus">common/nub_leftright.png</textureslidernib>
				<textureslidernibfocus colordiffuse="button_focus">common/nub_leftright.png</textureslidernibfocus>
				<info>PVR.TimeshiftProgressPlayPos</info>
				<onup>201</onup>
				<ondown>200</ondown>
				<action>pvr.seek</action>
				<visible>Player.SeekEnabled + Control.HasFocus(87) + MusicPlayer.Content(LiveTV)</visible>
			</control>
		</control>
	</controls>
</window>
