<?xml version="1.0" encoding="UTF-8"?>
<window>
<onload condition="String.IsEmpty(Skin.String(MovieRow1Index))">Skin.SetString(MovieRow1Index,0)</onload>
<onload condition="String.IsEmpty(Skin.String(MovieRow2Index))">Skin.SetString(MovieRow2Index,1)</onload>
<onload condition="String.IsEmpty(Skin.String(MovieRow3Index))">Skin.SetString(MovieRow3Index,2)</onload>
<onload condition="String.IsEmpty(Skin.String(MovieRow4Index))">Skin.SetString(MovieRow4Index,3)</onload>
<onload condition="String.IsEmpty(Skin.String(SeriesRow1Index))">Skin.SetString(SeriesRow1Index,0)</onload>
<onload condition="String.IsEmpty(Skin.String(SeriesRow2Index))">Skin.SetString(SeriesRow2Index,1)</onload>
<onload condition="String.IsEmpty(Skin.String(SeriesRow3Index))">Skin.SetString(SeriesRow3Index,2)</onload>
<onload condition="String.IsEmpty(Skin.String(SeriesRow4Index))">Skin.SetString(SeriesRow4Index,3)</onload>





<defaultcontrol>9000</defaultcontrol>
<backgroundcolor>background</backgroundcolor>
<controls>
<control type="button" id="20000">
<include>HiddenObject</include>
<onfocus>SetFocus(2000)</onfocus>
<visible allowhiddenfocus="true">Control.HasFocus(20000)</visible>
</control>
<control type="button" id="20001">
<include>HiddenObject</include>
<onfocus>SetFocus(2000)</onfocus>
<visible allowhiddenfocus="true">Control.HasFocus(20001)</visible>
</control>
<include>DefaultBackground</include>
<control type="multiimage">
<depth>DepthBackground</depth>
<include>FullScreenDimensions</include>
<aspectratio>scale</aspectratio>
<imagepath background="true" colordiffuse="bg_overlay">$VAR[HomeFanartVar]</imagepath>
<visible>!Player.HasMedia</visible>
</control>
<control type="group">
<animation effect="fade" start="100" end="0" time="200" tween="sine" condition="$EXP[infodialog_active]">Conditional</animation>

<!-- Sidebar -->
<control type="group">
	<animation effect="slide" start="-120,0" end="0,0" time="300">WindowOpen</animation>
	<control type="image">
		<left>0</left>
		<top>0</top>
		<width>120</width>
		<bottom>0</bottom>
		<texture colordiffuse="FF000000">colors/white.png</texture>
	</control>

	<!-- Top Group (Logo & Search) -->
	<control type="group">
		<top>20</top>
		<height>160</height>
		
		<!-- AIOStreams Logo -->
		<control type="button" id="9001">
			<left>10</left>
			<top>0</top>
			<width>100</width>
			<height>60</height>
			<texturefocus>special://skin/media/aiostreams_logo.png</texturefocus>
			<texturenofocus>special://skin/media/aiostreams_logo.png</texturenofocus>
			<onup>noop</onup>
			<ondown>9002</ondown>
			<onright>noop</onright>
			<onclick>ActivateWindow(Profiles)</onclick>
		</control>

		<!-- Search -->
		<control type="group">
			<top>80</top>
			<width>120</width>
			<height>85</height>
			<control type="button" id="9002">
				<width>120</width>
				<height>85</height>
				<texturefocus />
				<texturenofocus />
				<onup>9001</onup>
				<ondown>9003</ondown>
				<onright>SetFocus($INFO[Skin.String(Menu_WidgetID)])</onright>
				<onclick>ActivateWindow(Videos,plugin://plugin.video.aiostreams/?action=search&amp;content_type=both,return)</onclick>
			</control>
			<control type="image">
				<left>24</left>
				<top>7</top>
				<width>71</width>
				<height>71</height>
				<texture>icons/sidemenu/search_white.png</texture>
				<visible>!Control.HasFocus(9002)</visible>
			</control>
			<control type="image">
				<left>24</left>
				<top>7</top>
				<width>71</width>
				<height>71</height>
				<texture>icons/sidemenu/search_red.png</texture>
				<visible>Control.HasFocus(9002)</visible>
			</control>
		</control>
	</control>

	<!-- Center Group (Main Menu) -->
	<control type="grouplist" id="9000">
		<left>0</left>
		<top>180</top>
		<width>120</width>
		<bottom>180</bottom>
		<align>center</align>
		<itemgap>70</itemgap>
		<onright>SetFocus($INFO[Skin.String(Menu_WidgetID)])</onright>

		<!-- Home -->
		<control type="group">
			<width>120</width>
			<height>85</height>
			<control type="button" id="9003">
				<width>120</width>
				<height>85</height>
				<texturefocus />
				<texturenofocus />
				<onup>9002</onup>
				<ondown>9004</ondown>
				<onfocus>Skin.SetString(SideMenuFocus,home)</onfocus>
				<onfocus>Skin.SetString(Menu_WidgetID,10000)</onfocus>
				<onclick>ActivateWindow(Videos,plugin://plugin.video.aiostreams/,return)</onclick>
			</control>
			<control type="image">
				<left>24</left>
				<top>7</top>
				<width>71</width>
				<height>71</height>
				<texture>icons/sidemenu/home_white.png</texture>
				<visible>!Control.HasFocus(9003) + !Skin.IsString(SideMenuFocus,home)</visible>
			</control>
			<control type="image">
				<left>24</left>
				<top>7</top>
				<width>71</width>
				<height>71</height>
				<texture>icons/sidemenu/home_red.png</texture>
				<visible>Control.HasFocus(9003) | [!ControlGroup(9000).HasFocus + Skin.IsString(SideMenuFocus,home) + !ControlGroup(9100).HasFocus]</visible>
			</control>
		</control>

		<!-- TV Shows -->
		<control type="group">
			<width>120</width>
			<height>85</height>
			<control type="button" id="9004">
				<width>120</width>
				<height>85</height>
				<texturefocus />
				<texturenofocus />
				<onup>9003</onup>
				<ondown>9005</ondown>
				<onfocus>Skin.SetString(SideMenuFocus,tvshows)</onfocus>
				<onfocus>Skin.SetString(Menu_WidgetID,6000)</onfocus>
				<onclick>ActivateWindow(Videos,plugin://plugin.video.aiostreams/?action=series_lists,return)</onclick>
			</control>
			<control type="image">
				<left>24</left>
				<top>7</top>
				<width>71</width>
				<height>71</height>
				<texture>icons/sidemenu/tv_white.png</texture>
				<visible>!Control.HasFocus(9004) + !Skin.IsString(SideMenuFocus,tvshows)</visible>
			</control>
			<control type="image">
				<left>24</left>
				<top>7</top>
				<width>71</width>
				<height>71</height>
				<texture>icons/sidemenu/tv_red.png</texture>
				<visible>Control.HasFocus(9004) | [!ControlGroup(9000).HasFocus + Skin.IsString(SideMenuFocus,tvshows) + !ControlGroup(9100).HasFocus]</visible>
			</control>
		</control>

		<!-- Movies -->
		<control type="group">
			<width>120</width>
			<height>85</height>
			<control type="button" id="9005">
				<width>120</width>
				<height>85</height>
				<texturefocus />
				<texturenofocus />
				<onup>9004</onup>
				<ondown>9006</ondown>
				<onfocus>Skin.SetString(SideMenuFocus,movies)</onfocus>
				<onfocus>Skin.SetString(Menu_WidgetID,5000)</onfocus>
				<onclick>ActivateWindow(Videos,plugin://plugin.video.aiostreams/?action=movie_lists,return)</onclick>
			</control>
			<control type="image">
				<left>24</left>
				<top>7</top>
				<width>71</width>
				<height>71</height>
				<texture>icons/sidemenu/movies_white.png</texture>
				<visible>!Control.HasFocus(9005) + !Skin.IsString(SideMenuFocus,movies)</visible>
			</control>
			<control type="image">
				<left>24</left>
				<top>7</top>
				<width>71</width>
				<height>71</height>
				<texture>icons/sidemenu/movies_red.png</texture>
				<visible>Control.HasFocus(9005) | [!ControlGroup(9000).HasFocus + Skin.IsString(SideMenuFocus,movies) + !ControlGroup(9100).HasFocus]</visible>
			</control>
		</control>

		<!-- Live TV -->
		<control type="group">
			<width>120</width>
			<height>85</height>
			<control type="button" id="9006">
				<width>120</width>
				<height>85</height>
				<texturefocus />
				<texturenofocus />
				<onup>9005</onup>
				<ondown>9007</ondown>
				<onfocus>Skin.SetString(SideMenuFocus,livetv)</onfocus>
				<onfocus>Skin.SetString(Menu_WidgetID,12000)</onfocus>
				<onclick>ActivateWindow(TVChannels)</onclick>
			</control>
			<control type="image">
				<left>24</left>
				<top>7</top>
				<width>71</width>
				<height>71</height>
				<texture>icons/sidemenu/livetv_white.png</texture>
				<visible>!Control.HasFocus(9006) + !Skin.IsString(SideMenuFocus,livetv)</visible>
			</control>
			<control type="image">
				<left>24</left>
				<top>7</top>
				<width>71</width>
				<height>71</height>
				<texture>icons/sidemenu/livetv_red.png</texture>
				<visible>Control.HasFocus(9006) | [!ControlGroup(9000).HasFocus + Skin.IsString(SideMenuFocus,livetv) + !ControlGroup(9100).HasFocus]</visible>
			</control>
		</control>

		<!-- Music -->
		<control type="group">
			<width>120</width>
			<height>85</height>
			<control type="button" id="9007">
				<width>120</width>
				<height>85</height>
				<texturefocus />
				<texturenofocus />
				<onup>9006</onup>
				<ondown>9008</ondown>
				<onfocus>Skin.SetString(SideMenuFocus,music)</onfocus>
				<onfocus>Skin.SetString(Menu_WidgetID,7000)</onfocus>
				<onclick>ActivateWindow(Music,root,return)</onclick>
			</control>
			<control type="image">
				<left>24</left>
				<top>7</top>
				<width>71</width>
				<height>71</height>
				<texture>icons/sidemenu/music_white.png</texture>
				<visible>!Control.HasFocus(9007) + !Skin.IsString(SideMenuFocus,music)</visible>
			</control>
			<control type="image">
				<left>24</left>
				<top>7</top>
				<width>71</width>
				<height>71</height>
				<texture>icons/sidemenu/music_red.png</texture>
				<visible>Control.HasFocus(9007) | [!ControlGroup(9000).HasFocus + Skin.IsString(SideMenuFocus,music) + !ControlGroup(9100).HasFocus]</visible>
			</control>
		</control>
	</control>

	<!-- Bottom Group (Settings & Clock) -->
	<control type="group" id="9100">
		<bottom>10</bottom>
		<height>125</height>
		
		<!-- Settings -->
		<control type="group">
			<top>0</top>
			<width>120</width>
			<height>85</height>
			<control type="button" id="9008">
				<width>120</width>
				<height>85</height>
				<texturefocus />
				<texturenofocus />
				<onup>9007</onup>
				<ondown>noop</ondown>
				<onfocus>Skin.SetString(SideMenuFocus,settings)</onfocus>
				<onfocus>Skin.SetString(Menu_WidgetID,20000)</onfocus>
				<onright>SetFocus($INFO[Skin.String(Menu_WidgetID)])</onright>
				<onclick>ActivateWindow(settings)</onclick>
			</control>
			<control type="image">
				<left>24</left>
				<top>7</top>
				<width>71</width>
				<height>71</height>
				<texture>icons/sidemenu/settings_white.png</texture>
				<visible>!Control.HasFocus(9008) + !Skin.IsString(SideMenuFocus,settings)</visible>
			</control>
			<control type="image">
				<left>24</left>
				<top>7</top>
				<width>71</width>
				<height>71</height>
				<texture>icons/sidemenu/settings_red.png</texture>
				<visible>Control.HasFocus(9008) | [!ControlGroup(9000).HasFocus + Skin.IsString(SideMenuFocus,settings) + !ControlGroup(9100).HasFocus]</visible>
			</control>
		</control>

		<!-- Time -->
		<control type="label">
			<left>0</left>
			<top>85</top>
			<width>120</width>
			<height>40</height>
			<font>font12</font>
			<textcolor>#FFFFFF</textcolor>
			<align>center</align>
			<aligny>center</aligny>
			<label>$INFO[System.Time]</label>
		</control>
	</control>
</control>

<!-- Content Panels -->
<control type="group" id="2000">
<left>120</left>
<include>OpenClose_Right</include>

<!-- Home Widgets -->
<control type="group" id="10000">
					<top>450</top>
<visible>Skin.IsString(SideMenuFocus,home)</visible>
<include content="Visible_Right_Delayed"><param name="id" value="home"/></include>
<control type="grouplist" id="10001">
						
<include>WidgetGroupListCommon</include>


<control type="group">
<visible>!Skin.HasSetting(HideRow1)</visible>
<include content="WidgetListEpisodes">
<param name="content_path" value="plugin://plugin.video.aiostreams/?action=trakt_next_up"/>
<param name="widget_header" value="Trakt Next Up"/>
<param name="widget_target" value="videos"/>
<param name="list_id" value="10100"/>
</include>
</control>
<control type="group">
<visible>!Skin.HasSetting(HideRow2)</visible>
<include content="WidgetListPoster">
<param name="content_path" value="plugin://plugin.video.aiostreams/?action=trakt_watchlist&amp;media_type=movies"/>
<param name="widget_header" value="Trakt Watchlist Movies"/>
<param name="widget_target" value="videos"/>
<param name="list_id" value="10200"/>
</include>
</control>
<control type="group">
<visible>!Skin.HasSetting(HideRow3)</visible>
<include content="WidgetListPoster">
<param name="content_path" value="plugin://plugin.video.aiostreams/?action=trakt_watchlist&amp;media_type=shows"/>
<param name="widget_header" value="Trakt Watchlist Series"/>
<param name="widget_target" value="videos"/>
<param name="list_id" value="10300"/>
</include>
</control>
</control>
</control>

<!-- Movie Widgets -->
<control type="group" id="5000">
					<top>450</top>
<visible>Skin.IsString(SideMenuFocus,movies)</visible>
<include content="Visible_Right_Delayed"><param name="id" value="movies"/></include>
<control type="grouplist" id="5001">
						
<include>WidgetGroupListCommon</include>


<control type="group">
<visible>!Skin.HasSetting(HideRow1)</visible>
<include content="WidgetListPoster">
<param name="content_path" value="plugin://plugin.video.aiostreams/?action=smart_widget&amp;index=$VAR[MovieRow1IndexVar]&amp;content_type=movie"/>
<param name="widget_header" value="$INFO[Window(Home).Property(movie_catalog_0_name)]"/>
<param name="widget_target" value="videos"/>
<param name="list_id" value="5100"/>
</include>
</control>
<control type="group">
<visible>!Skin.HasSetting(HideRow2)</visible>
<include content="WidgetListPoster">
<param name="content_path" value="plugin://plugin.video.aiostreams/?action=smart_widget&amp;index=$VAR[MovieRow2IndexVar]&amp;content_type=movie"/>
<param name="widget_header" value="$INFO[Window(Home).Property(movie_catalog_1_name)]"/>
<param name="widget_target" value="videos"/>
<param name="list_id" value="5200"/>
</include>
</control>
<control type="group">
<visible>!Skin.HasSetting(HideRow3)</visible>
<include content="WidgetListPoster">
<param name="content_path" value="plugin://plugin.video.aiostreams/?action=smart_widget&amp;index=$VAR[MovieRow3IndexVar]&amp;content_type=movie"/>
<param name="widget_header" value="$INFO[Window(Home).Property(movie_catalog_2_name)]"/>
<param name="widget_target" value="videos"/>
<param name="list_id" value="5300"/>
</include>
</control>
<control type="group">
<visible>!Skin.HasSetting(HideRow4)</visible>
<include content="WidgetListPoster">
<param name="content_path" value="plugin://plugin.video.aiostreams/?action=smart_widget&amp;index=$VAR[MovieRow4IndexVar]&amp;content_type=movie"/>
<param name="widget_header" value="$INFO[Window(Home).Property(movie_catalog_3_name)]"/>
<param name="widget_target" value="videos"/>
<param name="list_id" value="5400"/>
</include>
</control>
</control>
</control>

<!-- TV Series Widgets -->
<control type="group" id="6000">
					<top>450</top>
<visible>Skin.IsString(SideMenuFocus,tvshows)</visible>
<include content="Visible_Right_Delayed"><param name="id" value="tvshows"/></include>
<control type="grouplist" id="6001">
						
<include>WidgetGroupListCommon</include>


<control type="group">
<visible>!Skin.HasSetting(HideRow1)</visible>
<include content="WidgetListPoster">
<param name="content_path" value="plugin://plugin.video.aiostreams/?action=smart_widget&amp;index=$VAR[SeriesRow1IndexVar]&amp;content_type=series"/>
<param name="widget_header" value="$INFO[Window(Home).Property(series_catalog_0_name)]"/>
<param name="widget_target" value="videos"/>
<param name="list_id" value="6100"/>
</include>
</control>
<control type="group">
<visible>!Skin.HasSetting(HideRow2)</visible>
<include content="WidgetListPoster">
<param name="content_path" value="plugin://plugin.video.aiostreams/?action=smart_widget&amp;index=$VAR[SeriesRow2IndexVar]&amp;content_type=series"/>
<param name="widget_header" value="$INFO[Window(Home).Property(series_catalog_1_name)]"/>
<param name="widget_target" value="videos"/>
<param name="list_id" value="6200"/>
</include>
</control>
<control type="group">
<visible>!Skin.HasSetting(HideRow3)</visible>
<include content="WidgetListPoster">
<param name="content_path" value="plugin://plugin.video.aiostreams/?action=smart_widget&amp;index=$VAR[SeriesRow3IndexVar]&amp;content_type=series"/>
<param name="widget_header" value="$INFO[Window(Home).Property(series_catalog_2_name)]"/>
<param name="widget_target" value="videos"/>
<param name="list_id" value="6300"/>
</include>
</control>
<control type="group">
<visible>!Skin.HasSetting(HideRow4)</visible>
<include content="WidgetListPoster">
<param name="content_path" value="plugin://plugin.video.aiostreams/?action=smart_widget&amp;index=$VAR[SeriesRow4IndexVar]&amp;content_type=series"/>
<param name="widget_header" value="$INFO[Window(Home).Property(series_catalog_3_name)]"/>
<param name="widget_target" value="videos"/>
<param name="list_id" value="6400"/>
</include>
</control>
</control>
</control>
</control>

<include>BottomBar</include>
<control type="group">
<depth>DepthBars</depth>
<bottom>0</bottom>
<height>70</height>
<include condition="!Skin.HasSetting(hide_mediaflags)" content="MediaFlags">
<param name="infolabel_prefix" value="Container." />
<param name="resolution_var" value="$VAR[ContainerResolutionFlagVar]" />
</include>
</control>
<include content="TopBar">
<param name="breadcrumbs_label" value="" />
</include>

</control>
</controls>
</window>
