<?xml version="1.0" encoding="UTF-8"?>
<includes>
    <include file="defaults.xml" />
    
    <!-- Common Constants -->
    <constant name="ThemeColor">ffb3b3b3</constant>

    <!-- Dummy Includes to suppress Kodi warnings -->
    <include name="Animation_TopSlide" />
    <include name="Animation_BottomSlide" />
    <include name="OpenClose_Left" />
    <include name="OpenClose_Right" />
    <include name="Visible_Left" />
    <include name="HiddenObject" />
    <include name="DefaultBackground" />
    <include name="TopBar" />
    <include name="BottomBar" />
    <include name="PVRProgress" />
    <include name="PVRChannelNumberInput" />
    <include name="MediaFlag" />
    <include name="View_50_List" />
    <include name="View_52_IconWall" />
    <include name="View_55_WideList" />
    <include name="CommonScrollbars" />
    <include name="MediaMenuMouseOverlay" />
    <include name="ListThumbInfoPanel" />
    <include name="MediaMenuCommon" />
    <include name="MediaMenuListCommon" />
    <include name="MediaMenuNowPlaying" />
    <include name="MediaMenuLabelCommon" />
    <include name="MediaMenuItemsCommon" />
    <include name="LeftAlignedInfo" />
    <include name="SettingsPanel" />
</includes>
