<?xml version="1.0" encoding="UTF-8"?>
<window>
	<defaultcontrol>9000</defaultcontrol>
	<backgroundcolor>background</backgroundcolor>
	<controls>
		<control type="button" id="20000">
			<include>HiddenObject</include>
			<animation effect="fade" time="300" start="100" end="0">Focus</animation>
			<onfocus>SetFocus(2000)</onfocus>
			<onclick>noop</onclick>
			<visible allowhiddenfocus="true">Control.HasFocus(20000)</visible>
		</control>
		<control type="button" id="20001">
			<include>HiddenObject</include>
			<animation effect="fade" time="300" start="100" end="0">Focus</animation>
			<onfocus>SetFocus(2000)</onfocus>
			<onclick>noop</onclick>
			<visible allowhiddenfocus="true">Control.HasFocus(20001)</visible>
		</control>
		<include>DefaultBackground</include>
		<control type="multiimage">
			<depth>DepthBackground</depth>
			<include>FullScreenDimensions</include>
			<aspectratio>scale</aspectratio>
			<fadetime>600</fadetime>
			<animation effect="zoom" center="auto" end="102,102" time="0" condition="Integer.IsGreater(System.StereoscopicMode,0)">conditional</animation>
			<animation effect="fade" start="0" end="100" time="400">WindowOpen</animation>
			<animation effect="fade" start="100" end="0" time="300">WindowClose</animation>
			<animation effect="fade" time="400">VisibleChange</animation>
			<imagepath background="true" colordiffuse="bg_overlay">$VAR[HomeFanartVar]</imagepath>
			<visible>!Player.HasMedia</visible>
		</control>
		<control type="group">
			<animation effect="fade" start="100" end="0" time="200" tween="sine" condition="$EXP[infodialog_active]">Conditional</animation>

<control type="group" id="2000">
<left>120</left>
<include>OpenClose_Right</include>
<control type="group" id="10000">
<visible>String.IsEqual(Container(9000).ListItem.Property(id),home)</visible>
<include content="Visible_Right_Delayed">
<param name="id" value="home"/>
</include>
<control type="grouplist" id="10001">
<include>WidgetGroupListCommon</include>
<include content="WidgetListEpisodes">
<param name="content_path" value="plugin://plugin.video.aiostreams/?action=trakt_next_up"/>
<param name="widget_header" value="Trakt Next Up"/>
<param name="widget_target" value="videos"/>
<param name="list_id" value="10100"/>
</include>
<include content="WidgetListPoster">
<param name="content_path" value="plugin://plugin.video.aiostreams/?action=trakt_watchlist&amp;media_type=movies"/>
<param name="widget_header" value="Trakt Watchlist Movies"/>
<param name="widget_target" value="videos"/>
<param name="list_id" value="10200"/>
</include>
<include content="WidgetListPoster">
<param name="content_path" value="plugin://plugin.video.aiostreams/?action=trakt_watchlist&amp;media_type=shows"/>
<param name="widget_header" value="Trakt Watchlist Series"/>
<param name="widget_target" value="videos"/>
<param name="list_id" value="10300"/>
</include>
</control>
</control>
<control type="group" id="5000">
<visible>String.IsEqual(Container(9000).ListItem.Property(id),movies)</visible>
<include content="Visible_Right_Delayed">
<param name="id" value="movies"/>
</include>
<control type="grouplist" id="5001">
<include>WidgetGroupListCommon</include>
<include content="WidgetListPoster">
<param name="content_path" value="plugin://plugin.video.aiostreams/?action=catalogs&amp;widget=true&amp;content_type=movie"/>
<param name="widget_header" value="AIOStreams Movie Catalogs"/>
<param name="widget_target" value="videos"/>
<param name="list_id" value="5100"/>
</include>
</control>
</control>
<control type="group" id="6000">
<visible>String.IsEqual(Container(9000).ListItem.Property(id),tvshows)</visible>
<include content="Visible_Right_Delayed">
<param name="id" value="tvshows"/>
</include>
<control type="grouplist" id="6001">
<include>WidgetGroupListCommon</include>
<include content="WidgetListPoster">
<param name="content_path" value="plugin://plugin.video.aiostreams/?action=catalogs&amp;widget=true&amp;content_type=series"/>
<param name="widget_header" value="AIOStreams Series Catalogs"/>
<param name="widget_target" value="videos"/>
<param name="list_id" value="6100"/>
</include>
</control>
</control>
</control>
			<control type="group">
				<depth>DepthContentPanel</depth>
				<include>OpenClose_Left</include>
				<animation effect="slide" start="0,0" end="-100,0" time="300" tween="sine" easing="inout" condition="!ControlGroup(9000).HasFocus">Conditional</animation>
				<include content="ContentPanel">
					<param name="width" value="120" />
				</include>
				<control type="fixedlist" id="9000">
					<left>0</left>
					<top>240</top>
					<width>120</width>
					<bottom>-10</bottom>
					<movement>7</movement>
					<focusposition>0</focusposition>
					<onfocus>ClearProperty(listposition,home)</onfocus>
					<onright>SetFocus($INFO[Container(9000).ListItem.Property(menu_id)])</onright>
					<onup>700</onup>
					<ondown>700</ondown>
					<scrolltime tween="cubic" easing="out">500</scrolltime>
					<focusedlayout height="95">
						<control type="group">
							<animation effect="fade" start="100" end="0" time="0">UnFocus</animation>
							<control type="image">
								<left>0</left>
								<top>0</top>
								<width>120</width>
								<height>95</height>
								<texture colordiffuse="button_focus">lists/focus.png</texture>
								<animation effect="fade" start="100" end="0" time="0" condition="[!Control.HasFocus(9000) + !ControlGroup(700).HasFocus] | System.HasActiveModalDialog">Conditional</animation>
							</control>
							<control type="image">
								<left>12</left>
								<top>1</top>
								<width>95</width>
								<height>95</height>
								<texture colordiffuse="button_focus">$INFO[ListItem.Art(thumb)]</texture>
								<animation effect="fade" start="0" end="100" time="300" reversible="false">Focus</animation>
							</control>
							<control type="image">
								<left>0</left>
								<top>0</top>
								<width>95</width>
								<height>95</height>
								<texture colordiffuse="51FFFFFF">colors/black.png</texture>
								<animation effect="fade" start="100" end="0" time="0" condition="[!Control.HasFocus(9000) + !ControlGroup(700).HasFocus] | System.HasActiveModalDialog">Conditional</animation>
							</control>
						</control>
						<control type="image">
							<left>12</left>
							<top>1</top>
							<width>95</width>
							<height>95</height>
							<texture>$INFO[ListItem.Art(thumb)]</texture>
						</control>
						
					</focusedlayout>
					<itemlayout height="95">
						<control type="image">
							<left>12</left>
							<top>1</top>
							<width>95</width>
							<height>95</height>
							<texture colordiffuse="44FFFFFF">$INFO[ListItem.Art(thumb)]</texture>
						</control>
						
					</itemlayout>
					<content>
<item>
<label>Home</label>
<onclick>noop</onclick>
<property name="menu_id">10000</property>
<thumb>icons/sidemenu/home.png</thumb>
<property name="id">home</property>
</item>
<item>
<label>[342]</label>
<onclick>ActivateWindow(Videos,videodb://movies/titles/,return)</onclick>
<property name="menu_id">5000</property>
<thumb>icons/sidemenu/movies.png</thumb>
<property name="id">movies</property>
</item>
<item>
<label>[20343]</label>
<onclick>ActivateWindow(Videos,videodb://tvshows/titles/,return)</onclick>
<property name="menu_id">6000</property>
<thumb>icons/sidemenu/tv.png</thumb>
<property name="id">tvshows</property>
</item>
<item>
<label>TV</label>
<onclick>ActivateWindow(TVChannels)</onclick>
<property name="menu_id">12000</property>
<thumb>icons/sidemenu/livetv.png</thumb>
<property name="id">livetv</property>
</item>
<item>
<label>[2]</label>
<onclick>ActivateWindow(Music,root,return)</onclick>
<property name="menu_id">7000</property>
<thumb>icons/sidemenu/music.png</thumb>
<property name="id">music</property>
</item>
<item>
<label>[24001]</label>
<onclick>ActivateWindow(1100)</onclick>
<property name="menu_id">8000</property>
<thumb>icons/sidemenu/addons.png</thumb>
<property name="id">addons</property>
</item>
<item>
<label>[8]</label>
<onclick>ActivateWindow(Weather)</onclick>
<property name="menu_id">15000</property>
<thumb>icons/sidemenu/weather.png</thumb>
<property name="id">weather</property>
</item>
<item>
<label>[5]</label>
<onclick>ActivateWindow(settings)</onclick>
<property name="menu_id">20000</property>
<thumb>icons/sidemenu/settings.png</thumb>
<property name="id">settings</property>
</item>
</content>
				</control>
				
		                
			</control>
			<include>BottomBar</include>
			<control type="group">
				<depth>DepthBars</depth>
				<bottom>0</bottom>
				<height>70</height>
				<animation effect="fade" start="0" end="100" time="300" delay="300">WindowOpen</animation>
				<animation effect="fade" start="100" end="0" time="200">WindowClose</animation>
				<include condition="!Skin.HasSetting(hide_mediaflags)" content="MediaFlags">
					<param name="infolabel_prefix" value="Container." />
					<param name="resolution_var" value="$VAR[ContainerResolutionFlagVar]" />
				</include>
				<control type="rss">
					<animation effect="slide" end="0,90" time="300" tween="sine" easing="inout" condition="$EXP[infodialog_active]">conditional</animation>
					<left>0</left>
					<bottom>0</bottom>
					<height>39</height>
					<width>100%</width>
					<font>font12</font>
					<urlset>1</urlset>
					<hitrect x="-100" y="0" w="1" h="1" />
					<titlecolor>button_focus</titlecolor>
					<textcolor>button_focus</textcolor>
					<shadowcolor>text_shadow</shadowcolor>
					<headlinecolor>FFC0C0C0</headlinecolor>
					<visible>Skin.HasSetting(hide_mediaflags) | !ControlGroup(2000).HasFocus</visible>
					<animation effect="fade" time="300">VisibleChange</animation>
				</control>
			</control>
			<include content="TopBar">
				<param name="breadcrumbs_label" value="" />
			</include>
			<control type="group">
				<depth>DepthBars</depth>
				<animation effect="slide" end="0,-90" time="300" tween="sine" easing="inout" condition="$EXP[infodialog_active]">conditional</animation>
				<animation effect="fade" start="0" end="100" time="300">WindowOpen</animation>
				<animation effect="fade" start="100" end="0" time="200">WindowClose</animation>
				<top>30</top>
				<left>90</left>
				<control type="image">
					<left>4</left>
					<top>0</top>
					<aspectratio>keep</aspectratio>
					<width>192</width>
					<height>56</height>
					<texture>special://skin/media/aiostreams_logo.png</texture>
				</control>
			</control>
		</control>
	</controls>
</window>
