<?xml version="1.0"encoding="UTF-8"?>
<window>
    <include file="Includes.xml"/>
	<controls>
		<include condition="Skin.HasSetting(touchmode)">TouchBackSlideshowButton</include>
		<control type="image">
			<centerleft>50%</centerleft>
			<centertop>50%</centertop>
			<width>256</width>
			<height>256</height>
			<texture >icons/settings/player.png</texture>
			<visible>SlideShow.IsVideo</visible>
			<visible>![Player.Playing + Player.HasVideo] | SlideShow.IsPaused</visible>
		</control>
	</controls>
</window>
