<?xml version="1.0" encoding="UTF-8"?>
<window>
<onload condition="String.IsEmpty(Skin.String(Row1Index))">Skin.SetString(Row1Index,0)</onload>
<onload condition="String.IsEmpty(Skin.String(Row2Index))">Skin.SetString(Row2Index,1)</onload>
<onload condition="String.IsEmpty(Skin.String(Row3Index))">Skin.SetString(Row3Index,2)</onload>
<onload condition="String.IsEmpty(Skin.String(Row4Index))">Skin.SetString(Row4Index,3)</onload>

	<defaultcontrol>9000</defaultcontrol>
	<backgroundcolor>background</backgroundcolor>
	<controls>
		<control type="button" id="20000">
			<include>HiddenObject</include>
			<animation effect="fade" time="300" start="100" end="0">Focus</animation>
			<onfocus>SetFocus(2000)</onfocus>
			<onclick>noop</onclick>
			<visible allowhiddenfocus="true">Control.HasFocus(20000)</visible>
		</control>
		<control type="button" id="20001">
			<include>HiddenObject</include>
			<animation effect="fade" time="300" start="100" end="0">Focus</animation>
			<onfocus>SetFocus(2000)</onfocus>
			<onclick>noop</onclick>
			<visible allowhiddenfocus="true">Control.HasFocus(20001)</visible>
		</control>
		<include>DefaultBackground</include>
		<control type="multiimage">
			<depth>DepthBackground</depth>
			<include>FullScreenDimensions</include>
			<aspectratio>scale</aspectratio>
			<fadetime>600</fadetime>
			<animation effect="zoom" center="auto" end="102,102" time="0" condition="Integer.IsGreater(System.StereoscopicMode,0)">conditional</animation>
			<animation effect="fade" start="0" end="100" time="400">WindowOpen</animation>
			<animation effect="fade" start="100" end="0" time="300">WindowClose</animation>
			<animation effect="fade" time="400">VisibleChange</animation>
			<imagepath background="true" colordiffuse="bg_overlay">$VAR[HomeFanartVar]</imagepath>
			<visible>!Player.HasMedia</visible>
		</control>
		<control type="group">
			<animation effect="fade" start="100" end="0" time="200" tween="sine" condition="$EXP[infodialog_active]">Conditional</animation>

<control type="group" id="2000">
<left>120</left>
<include>OpenClose_Right</include>
<control type="group" id="10000">
<visible>String.IsEqual(Container(9000).ListItem.Property(id),home)</visible>
<include content="Visible_Right_Delayed"><param name="id" value="home"/></include>
<control type="grouplist" id="10001">
<include>WidgetGroupListCommon</include>
<control type="group">
<visible>!Skin.HasSetting(HideRow1)</visible>
<include content="WidgetListEpisodes">
<param name="content_path" value="plugin://plugin.video.aiostreams/?action=trakt_next_up"/>
<param name="widget_header" value="Trakt Next Up"/>
<param name="widget_target" value="videos"/>
<param name="list_id" value="10100"/>
</include>
</control>
<control type="group">
<visible>!Skin.HasSetting(HideRow2)</visible>
<include content="WidgetListPoster">
<param name="content_path" value="plugin://plugin.video.aiostreams/?action=trakt_watchlist&amp;media_type=movies"/>
<param name="widget_header" value="Trakt Watchlist Movies"/>
<param name="widget_target" value="videos"/>
<param name="list_id" value="10200"/>
</include>
</control>
<control type="group">
<visible>!Skin.HasSetting(HideRow3)</visible>
<include content="WidgetListPoster">
<param name="content_path" value="plugin://plugin.video.aiostreams/?action=trakt_watchlist&amp;media_type=shows"/>
<param name="widget_header" value="Trakt Watchlist Series"/>
<param name="widget_target" value="videos"/>
<param name="list_id" value="10300"/>
</include>
</control>
</control></control>
<control type="group" id="5000">
<visible>String.IsEqual(Container(9000).ListItem.Property(id),movies)</visible>
<include content="Visible_Right_Delayed"><param name="id" value="movies"/></include>
<control type="grouplist" id="5001">
<include>WidgetGroupListCommon</include>
<control type="group">
<visible>!Skin.HasSetting(HideRow1)</visible>
<include content="WidgetListPoster">
<param name="content_path" value="plugin://plugin.video.aiostreams/?action=smart_widget&amp;index=$VAR[Row1IndexVar]&amp;content_type=movie"/>
<param name="widget_header" value="$INFO[Window(Home).Property(movie_catalog_0_name)]"/>
<param name="widget_target" value="videos"/>
<param name="list_id" value="5100"/>
</include>
</control>
<control type="group">
<visible>!Skin.HasSetting(HideRow2)</visible>
<include content="WidgetListPoster">
<param name="content_path" value="plugin://plugin.video.aiostreams/?action=smart_widget&amp;index=$VAR[Row2IndexVar]&amp;content_type=movie"/>
<param name="widget_header" value="$INFO[Window(Home).Property(movie_catalog_1_name)]"/>
<param name="widget_target" value="videos"/>
<param name="list_id" value="5200"/>
</include>
</control>
<control type="group">
<visible>!Skin.HasSetting(HideRow3)</visible>
<include content="WidgetListPoster">
<param name="content_path" value="plugin://plugin.video.aiostreams/?action=smart_widget&amp;index=$VAR[Row3IndexVar]&amp;content_type=movie"/>
<param name="widget_header" value="$INFO[Window(Home).Property(movie_catalog_2_name)]"/>
<param name="widget_target" value="videos"/>
<param name="list_id" value="5300"/>
</include>
</control>
<control type="group">
<visible>!Skin.HasSetting(HideRow4)</visible>
<include content="WidgetListPoster">
<param name="content_path" value="plugin://plugin.video.aiostreams/?action=smart_widget&amp;index=$VAR[Row4IndexVar]&amp;content_type=movie"/>
<param name="widget_header" value="$INFO[Window(Home).Property(movie_catalog_3_name)]"/>
<param name="widget_target" value="videos"/>
<param name="list_id" value="5400"/>
</include>
</control>
</control></control>
<control type="group" id="6000">
<visible>String.IsEqual(Container(9000).ListItem.Property(id),tvshows)</visible>
<include content="Visible_Right_Delayed"><param name="id" value="tvshows"/></include>
<control type="grouplist" id="6001">
<include>WidgetGroupListCommon</include>
<control type="group">
<visible>!Skin.HasSetting(HideRow1)</visible>
<include content="WidgetListPoster">
<param name="content_path" value="plugin://plugin.video.aiostreams/?action=smart_widget&amp;index=$VAR[Row1IndexVar]&amp;content_type=series"/>
<param name="widget_header" value="$INFO[Window(Home).Property(series_catalog_0_name)]"/>
<param name="widget_target" value="videos"/>
<param name="list_id" value="6100"/>
</include>
</control>
<control type="group">
<visible>!Skin.HasSetting(HideRow2)</visible>
<include content="WidgetListPoster">
<param name="content_path" value="plugin://plugin.video.aiostreams/?action=smart_widget&amp;index=$VAR[Row2IndexVar]&amp;content_type=series"/>
<param name="widget_header" value="$INFO[Window(Home).Property(series_catalog_1_name)]"/>
<param name="widget_target" value="videos"/>
<param name="list_id" value="6200"/>
</include>
</control>
<control type="group">
<visible>!Skin.HasSetting(HideRow3)</visible>
<include content="WidgetListPoster">
<param name="content_path" value="plugin://plugin.video.aiostreams/?action=smart_widget&amp;index=$VAR[Row3IndexVar]&amp;content_type=series"/>
<param name="widget_header" value="$INFO[Window(Home).Property(series_catalog_2_name)]"/>
<param name="widget_target" value="videos"/>
<param name="list_id" value="6300"/>
</include>
</control>
<control type="group">
<visible>!Skin.HasSetting(HideRow4)</visible>
<include content="WidgetListPoster">
<param name="content_path" value="plugin://plugin.video.aiostreams/?action=smart_widget&amp;index=$VAR[Row4IndexVar]&amp;content_type=series"/>
<param name="widget_header" value="$INFO[Window(Home).Property(series_catalog_3_name)]"/>
<param name="widget_target" value="videos"/>
<param name="list_id" value="6400"/>
</include>
</control>
</control></control>

<include>BottomBar</include>
			<control type="group">
				<depth>DepthBars</depth>
				<bottom>0</bottom>
				<height>70</height>
				<animation effect="fade" start="0" end="100" time="300" delay="300">WindowOpen</animation>
				<animation effect="fade" start="100" end="0" time="200">WindowClose</animation>
				<include condition="!Skin.HasSetting(hide_mediaflags)" content="MediaFlags">
					<param name="infolabel_prefix" value="Container." />
					<param name="resolution_var" value="$VAR[ContainerResolutionFlagVar]" />
				</include>
				<control type="rss">
					<animation effect="slide" end="0,90" time="300" tween="sine" easing="inout" condition="$EXP[infodialog_active]">conditional</animation>
					<left>0</left>
					<bottom>0</bottom>
					<height>39</height>
					<width>100%</width>
					<font>font12</font>
					<urlset>1</urlset>
					<hitrect x="-100" y="0" w="1" h="1" />
					<titlecolor>button_focus</titlecolor>
					<textcolor>button_focus</textcolor>
					<shadowcolor>text_shadow</shadowcolor>
					<headlinecolor>FFC0C0C0</headlinecolor>
					<visible>Skin.HasSetting(hide_mediaflags) | !ControlGroup(2000).HasFocus</visible>
					<animation effect="fade" time="300">VisibleChange</animation>
				</control>
			</control>
			<include content="TopBar">
				<param name="breadcrumbs_label" value="" />
			</include>
			<control type="group">
				<depth>DepthBars</depth>
				<animation effect="slide" end="0,-90" time="300" tween="sine" easing="inout" condition="$EXP[infodialog_active]">conditional</animation>
				<animation effect="fade" start="0" end="100" time="300">WindowOpen</animation>
				<animation effect="fade" start="100" end="0" time="200">WindowClose</animation>
				<top>30</top>
				<left>90</left>
				<control type="image">
					<left>4</left>
					<top>0</top>
					<aspectratio>keep</aspectratio>
					<width>192</width>
					<height>56</height>
					<texture>special://skin/media/aiostreams_logo.png</texture>
				</control>
			</control>
		</control>
	</controls>
</window>
