<?xml version="1.0" encoding="UTF-8" standalone="yes"?>
<addon id="script.aiodi.onboarding" name="AIODI Onboarding Wizard" version="1.0.133" provider-name="You">
    <requires>
        <import addon="xbmc.python" version="3.0.0"/>
        <import addon="script.module.requests" version="1.0.0"/>
    </requires>
    <extension point="xbmc.python.script" library="default.py">
        <provides>executable</provides>
    </extension>
    <extension point="xbmc.addon.metadata">
        <summary lang="en_GB">Onboarding Wizard for AIODI Skin</summary>
        <description lang="en_GB">Configures AIOStreams, YouTube, Trakt, IMVDb, and IPTV Simple Client on first run.</description>
        <platform>all</platform>
        <assets>
            <icon>icon.png</icon>
            <fanart>fanart.jpg</fanart>
        </assets>
    </extension>
</addon>
