<?xml version="1.0" encoding="UTF-8"?>
<addon id="repository.aiostreams" name="AIOStreams Repository" version="1.0.0" provider-name="AIOStreams">
    <extension point="xbmc.addon.repository" name="AIOStreams Repository">
        <dir>
            <info compressed="false">https://github.com/shiggsy365/AIOStreamsKODI/raw/refs/heads/main/docs/repository.aiostreams/zips/addons.xml</info>
            <checksum>https://github.com/shiggsy365/AIOStreamsKODI/raw/refs/heads/main/docs/repository.aiostreams/zips/addons.xml.md5</checksum>
            <datadir zip="true">https://raw.githubusercontent.com/shiggsy365/AIOStreamsKODI/main/docs/repository.aiostreams/zips/</datadir>
        </dir>
    </extension>
    <extension point="xbmc.addon.metadata">
        <summary>AIOStreams Addon Repository</summary>
        <description>Official repository for AIOStreams Kodi addon with automatic updates</description>
        <platform>all</platform>
        <assets>
            <icon>icon.png</icon>
        </assets>
    </extension>
</addon>
