<?xml version="1.0" encoding="UTF-8"?>
<window>
	<defaultcontrol>9000</defaultcontrol>
	<backgroundcolor>background</backgroundcolor>
	<onload condition="String.IsEmpty(Skin.String(background_overlay))">Skin.SetString(background_overlay,1)</onload>
    <controls>
        <include>CommonBackground</include>
        <include>NavigationBar</include>

        <!-- Main Settings Container -->
        <control type="group">
            <left>0</left>
            <top>120</top>
            <width>1920</width>
            <height>960</height>

            <!-- Sidebar (Category Selection) -->
            <control type="group">
                <left>0</left>
                <top>0</top>
                <width>450</width>
                <height>960</height>
                
                <control type="image">
                    <width>450</width>
                    <height>100%</height>
                    <texture colordiffuse="CC000000">common/white.png</texture>
                </control>

                <control type="list" id="9000">
                    <left>20</left>
                    <top>40</top>
                    <width>410</width>
                    <height>800</height>
                    <onleft>noop</onleft>
                    <onright>10000</onright>
                    <onup>9000</onup>
                    <ondown>9000</ondown>
                    <itemlayout height="80">
                        <control type="label">
                            <left>20</left>
                            <width>370</width>
                            <height>80</height>
                            <font>font30</font>
                            <textcolor>FFFFFFFF</textcolor>
                            <label>$INFO[ListItem.Label]</label>
                            <aligny>center</aligny>
                        </control>
                    </itemlayout>
                    <focusedlayout height="80">
                        <control type="image">
                            <width>410</width>
                            <height>80</height>
                            <texture colordiffuse="ThemeColor">lists/focus.png</texture>
                        </control>
                        <control type="label">
                            <left>20</left>
                            <width>370</width>
                            <height>80</height>
                            <font>font30</font>
                            <textcolor>FFFFFFFF</textcolor>
                            <label>$INFO[ListItem.Label]</label>
                            <aligny>center</aligny>
                        </control>
                    </focusedlayout>
                    <content>
                        <item id="1">
                            <label>$LOCALIZE[128]</label> <!-- General -->
                        </item>
                        <item id="2">
                            <label>$LOCALIZE[31061]</label> <!-- Background -->
                        </item>
                        <item id="3">
                            <label>$LOCALIZE[31159]</label> <!-- Home Menu -->
                        </item>
                        <item id="4">
                            <label>$LOCALIZE[31170]</label> <!-- OSD -->
                        </item>
                    </content>
                </control>
            </control>

            <!-- Content Area (Settings Controls) -->
            <control type="group" id="10000">
                <left>500</left>
                <top>40</top>
                <width>1380</width>
                <height>880</height>

                <!-- General Settings -->
                <control type="grouplist" id="700">
                    <visible>Container(9000).HasFocus(1)</visible>
                    <left>0</left>
                    <top>0</top>
                    <width>100%</width>
                    <height>100%</height>
                    <onleft>9000</onleft>
                    <onright>noop</onright>
                    <itemgap>10</itemgap>
                    <control type="radiobutton" id="701">
                        <width>1300</width>
                        <height>70</height>
                        <font>font27</font>
                        <label>$LOCALIZE[31095]</label>
                        <selected>!Skin.HasSetting(no_slide_animations)</selected>
                        <onclick>Skin.ToggleSetting(no_slide_animations)</onclick>
                        <focusedcolor>ThemeColor</focusedcolor>
                        <texturefocus colordiffuse="ThemeColor">lists/focus.png</texturefocus>
                    </control>
                    <control type="radiobutton" id="702">
                        <width>1300</width>
                        <height>70</height>
                        <font>font27</font>
                        <label>$LOCALIZE[20189]</label>
                        <onclick>Skin.ToggleSetting(autoscroll)</onclick>
                        <selected>Skin.HasSetting(autoscroll)</selected>
                        <focusedcolor>ThemeColor</focusedcolor>
                        <texturefocus colordiffuse="ThemeColor">lists/focus.png</texturefocus>
                    </control>
                </control>

                <!-- Background Settings -->
                <control type="grouplist" id="600">
                    <visible>Container(9000).HasFocus(2)</visible>
                    <left>0</left>
                    <top>0</top>
                    <width>100%</width>
                    <height>100%</height>
                    <onleft>9000</onleft>
                    <onright>noop</onright>
                    <itemgap>10</itemgap>
                    <control type="radiobutton" id="605">
                        <width>1300</width>
                        <height>70</height>
                        <font>font27</font>
                        <label>$LOCALIZE[31002]</label>
                        <onclick>Skin.ToggleSetting(no_fanart)</onclick>
                        <selected>!Skin.HasSetting(no_fanart)</selected>
                        <focusedcolor>ThemeColor</focusedcolor>
                        <texturefocus colordiffuse="ThemeColor">lists/focus.png</texturefocus>
                    </control>
                </control>

                <!-- Home Menu Visibility -->
                <control type="grouplist" id="610">
                    <visible>Container(9000).HasFocus(3)</visible>
                    <left>0</left>
                    <top>0</top>
                    <width>100%</width>
                    <height>100%</height>
                    <onleft>9000</onleft>
                    <onright>noop</onright>
                    <itemgap>10</itemgap>
                    <!-- Show/Hide categories -->
                    <control type="radiobutton" id="611">
                        <width>1300</width>
                        <height>70</height>
                        <font>font27</font>
                        <label>$LOCALIZE[342] (Movies)</label>
                        <selected>!Skin.HasSetting(HomeMenuNoMovieButton)</selected>
                        <onclick>Skin.ToggleSetting(HomeMenuNoMovieButton)</onclick>
                        <focusedcolor>ThemeColor</focusedcolor>
                        <texturefocus colordiffuse="ThemeColor">lists/focus.png</texturefocus>
                    </control>
                    <control type="radiobutton" id="612">
                        <width>1300</width>
                        <height>70</height>
                        <font>font27</font>
                        <label>$LOCALIZE[20343] (TV Shows)</label>
                        <selected>!Skin.HasSetting(HomeMenuNoTVShowButton)</selected>
                        <onclick>Skin.ToggleSetting(HomeMenuNoTVShowButton)</onclick>
                        <focusedcolor>ThemeColor</focusedcolor>
                        <texturefocus colordiffuse="ThemeColor">lists/focus.png</texturefocus>
                    </control>
                </control>
            </control>
        </control>
    </controls>
</window>
