<?xml version="1.0" encoding="UTF-8"?>
<window>
    <include file="Includes.xml" />
	<defaultcontrol always="true">50</defaultcontrol>
	<menucontrol>9000</menucontrol>
	<views>50</views>
	<menucontrol>6053</menucontrol>
	<controls>
		<include>DefaultBackground</include>
		<control type="group">
			<animation type="Conditional" effect="fade" start="100" end="0" time="200" tween="sine" condition="$EXP[infodialog_active]" />
			<control type="group">
				<visible>Control.IsVisible(50)</visible>
				<include>OpenClose_Left</include>
				<include>Visible_Left</include>
				<control type="fixedlist" id="50">
					<left>0</left>
					<top>list_top_offset</top>
					<right>918</right>
					<bottom>list_bottom_offset</bottom>
					<onleft>9000</onleft>
					<onright>73</onright>
					<onup>50</onup>
					<ondown>50</ondown>
					<movement>4</movement>
					<focusposition>4</focusposition>
					<pagecontrol>73</pagecontrol>
					<scrolltime tween="cubic" easing="out">500</scrolltime>
					<include content="PVRListItemLayouts">
						<param name="list_id" value="50" />
						<param name="only_label_condition" value="String.IsEmpty(ListItem.Date)" />
						<param name="label1" value="$VAR[PVRMySearchLabel1Var]" />
						<param name="label2" value="$INFO[ListItem.Date]" />
					</include>
				</control>
			</control>
			<control type="group">
				<depth>DepthContentPanel</depth>
				<include>OpenClose_Right</include>
				<width>870</width>
				<right>0</right>
				<include content="ContentPanel">
					<param name="left" value="-72" />
					<param name="width" value="970" />
					<param name="top" value="-20" />
					<param name="flipx" value="true" />
				</include>
				<control type="scrollbar" id="73">
					<left>-50</left>
					<top>list_top_offset</top>
					<width>12</width>
					<bottom>list_bottom_offset</bottom>
					<onleft>50</onleft>
					<onright>50</onright>
					<orientation>vertical</orientation>
					<animation type="conditional" effect="zoom" start="100,100" end="50,100" center="-50,0" time="300" tween="sine" easing="inout" condition="!Control.HasFocus(73)" />
				</control>
				<include>PVRInfoPanel</include>
			</control>
			<include content="TopBar">
				<param name="breadcrumbs_label" value="$VAR[BreadcrumbsPVRSearchVar]" />
			</include>
			<include content="BottomBar">
				<param name="info_visible" value="true" />
			</include>
			<control type="group">
				<include>MediaMenuCommon</include>
				<include>PVRSideBar</include>
			</control>
		</control>
		<control type="label" id="29">
			<font></font>
			<include>HiddenObject</include>
		</control>
		<control type="label" id="30">
			<font></font>
			<include>HiddenObject</include>
		</control>
	</controls>
</window>
