<?xml version="1.0" encoding="UTF-8"?>
<window id="1111" type="dialog">
    <defaultcontrol always="true">2000</defaultcontrol>
    <defaultcontrol always="true">2000</defaultcontrol>
    <coordinates>
        <left>0</left>
        <top>0</top>
    </coordinates>
    <include>DefaultBackground</include>
    
    <controls>
        <!-- Background -->
        <control type="image">
            <left>0</left>
            <top>0</top>
            <width>1920</width>
            <height>1080</height>
            <texture>colors/black.png</texture>
        </control>
        
        <!-- Main Container -->
        <control type="group">
            <left>100</left>
            <top>80</top>
            <width>1720</width>
            <height>920</height>
            
            <!-- Header -->
            <control type="label">
                <left>0</left>
                <top>0</top>
                <width>1720</width>
                <height>60</height>
                <font>font45_title</font>
                <textcolor>FFFFFFFF</textcolor>
                <label>Modify Lists - $INFO[Window(Home).Property(WidgetManager.CurrentPageName)]</label>
                <align>center</align>
            </control>
            
            <!-- Page Selection Tabs -->
            <control type="grouplist" id="2000">
                <left>0</left>
                <top>80</top>
                <width>1720</width>
                <height>60</height>
                <orientation>horizontal</orientation>
                <itemgap>20</itemgap>
                <align>center</align>
                <ondown>3000</ondown>
                
                <control type="button" id="2001">
                    <width>120</width>
                    <height>60</height>
                    <font></font>
                    <label />
                    <align>center</align>
                    <!-- OnClick handled by Python -->
                    <texturefocus colordiffuse="button_focus">icons/widgetmanager/home.png</texturefocus>
                    <texturenofocus>icons/widgetmanager/home.png</texturenofocus>
                    <textcolor>00FFFFFF</textcolor>
                    <focusedcolor>00FFFFFF</focusedcolor>
                </control>

                <control type="button" id="2002">
                    <width>120</width>
                    <height>60</height>
                    <font></font>
                    <label />
                    <align>center</align>
                    <!-- OnClick handled by Python -->
                    <texturefocus colordiffuse="button_focus">icons/widgetmanager/tvshows.png</texturefocus>
                    <texturenofocus>icons/widgetmanager/tvshows.png</texturenofocus>
                    <textcolor>00FFFFFF</textcolor>
                    <focusedcolor>00FFFFFF</focusedcolor>
                </control>

                <control type="button" id="2003">
                    <width>120</width>
                    <height>60</height>
                    <font></font>
                    <label />
                    <align>center</align>
                    <!-- OnClick handled by Python -->
                    <texturefocus colordiffuse="button_focus">icons/widgetmanager/movies.png</texturefocus>
                    <texturenofocus>icons/widgetmanager/movies.png</texturenofocus>
                    <textcolor>00FFFFFF</textcolor>
                    <focusedcolor>00FFFFFF</focusedcolor>
                    <ondown>3000</ondown>
                </control>
            </control>
            
            <!-- Current Page Catalogs (Left Panel) -->
            <control type="group">
                <left>0</left>
                <top>160</top>
                <width>650</width>
                <height>700</height>
                
                <control type="label">
                    <left>0</left>
                    <top>0</top>
                    <width>650</width>
                    <height>40</height>
                    <font>font13</font>
                    <textcolor>button_focus</textcolor>
                    <label>Current Catalogs</label>
                    <align>center</align>
                </control>
                
                <control type="list" id="3000">
                    
                    <left>0</left>
                    <top>50</top>
                    <width>650</width>
                    <height>650</height>
                    <onleft>noop</onleft>
                    <!-- Lists don't support onclick, using context menu key binding instead -->
                    <onright>5000</onright>
                    <onup>2000</onup>
                    <ondown>6000</ondown>
                    <itemlayout height="50">
                        <control type="label">
                            <left>10</left>
                            <top>0</top>
                            <width>470</width>
                            <height>50</height>
                            <font>font13</font>
                            <textcolor>$VAR[TraktWidgetColor]</textcolor>
                            <label>$INFO[ListItem.Label]</label>
                            <aligny>center</aligny>
                        </control>
                        <control type="label">
                            <left>490</left>
                            <top>0</top>
                            <width>150</width>
                            <height>50</height>
                            <font>font12</font>
                            <textcolor>$VAR[TraktWidgetTypeColor]</textcolor>
                            <label>$INFO[ListItem.Label2]</label>
                            <aligny>center</aligny>
                            <align>right</align>
                        </control>
                    </itemlayout>
                    <focusedlayout height="50">
                        <control type="image">
                            <left>0</left>
                            <top>0</top>
                            <width>650</width>
                            <height>50</height>
                            <texture colordiffuse="$VAR[TraktWidgetFocusColor]">colors/white.png</texture>
                        </control>
                        <control type="label">
                            <left>10</left>
                            <top>0</top>
                            <width>470</width>
                            <height>50</height>
                            <font>font13</font>
                            <textcolor>FF000000</textcolor>
                            <label>$INFO[ListItem.Label]</label>
                            <aligny>center</aligny>
                        </control>
                        <control type="label">
                            <left>490</left>
                            <top>0</top>
                            <width>150</width>
                            <height>50</height>
                            <font>font12</font>
                            <textcolor>FF000000</textcolor>
                            <label>$INFO[ListItem.Label2]</label>
                            <aligny>center</aligny>
                            <align>right</align>
                        </control>
                    </focusedlayout>
                </control>
            </control>
            
            <!-- Navigation buttons removed - using context menus instead -->
            
            <!-- Available Catalogs (Right Panel) -->
            <control type="group">
                <left>790</left>
                <top>160</top>
                <width>930</width>
                <height>700</height>
                
                <control type="label">
                    <left>0</left>
                    <top>0</top>
                    <width>930</width>
                    <height>40</height>
                    <font>font13</font>
                    <textcolor>button_focus</textcolor>
                    <label>Available Catalogs</label>
                    <align>center</align>
                </control>
                
                <control type="list" id="5000">
                    
                    <left>0</left>
                    <top>50</top>
                    <width>930</width>
                    <height>650</height>
                    <onleft>3000</onleft>
                    <!-- Lists don't support onclick, using context menu key binding instead -->
                    <onright>noop</onright>
                    <onup>2000</onup>
                    <ondown>6000</ondown>
                    <itemlayout height="50">
                        <control type="label">
                            <left>10</left>
                            <top>0</top>
                            <width>700</width>
                            <height>50</height>
                            <font>font13</font>
                            <textcolor>$VAR[AvailableCatalogColor]</textcolor>
                            <label>$INFO[ListItem.Label]</label>
                            <aligny>center</aligny>
                        </control>
                        <control type="label">
                            <left>720</left>
                            <top>0</top>
                            <width>200</width>
                            <height>50</height>
                            <font>font12</font>
                            <textcolor>$VAR[AvailableCatalogTypeColor]</textcolor>
                            <label>$INFO[ListItem.Label2]</label>
                            <aligny>center</aligny>
                            <align>right</align>
                        </control>
                    </itemlayout>
                    <focusedlayout height="50">
                        <control type="image">
                            <left>0</left>
                            <top>0</top>
                            <width>930</width>
                            <height>50</height>
                            <texture colordiffuse="$VAR[AvailableCatalogFocusColor]">colors/white.png</texture>
                        </control>
                        <control type="label">
                            <left>10</left>
                            <top>0</top>
                            <width>700</width>
                            <height>50</height>
                            <font>font13</font>
                            <textcolor>FF000000</textcolor>
                            <label>$INFO[ListItem.Label]</label>
                            <aligny>center</aligny>
                        </control>
                        <control type="label">
                            <left>720</left>
                            <top>0</top>
                            <width>200</width>
                            <height>50</height>
                            <font>font12</font>
                            <textcolor>FF000000</textcolor>
                            <label>$INFO[ListItem.Label2]</label>
                            <aligny>center</aligny>
                            <align>right</align>
                        </control>
                    </focusedlayout>
                </control>
            </control>
            
            
            <!-- Reset to Defaults Button -->
            <control type="button" id="6002">
                <left>260</left>
                <top>880</top>
                <width>200</width>
                <height>60</height>
                <label>Reset to Defaults</label>
                <font>font13</font>
                <onup>3000</onup>
                <onright>6001</onright>
                <!-- OnClick handled by Python -->
            </control>

            <!-- Clear All Button -->
            <control type="button" id="6001">
                <left>480</left>
                <top>880</top>
                <width>200</width>
                <height>60</height>
                <label>Clear All</label>
                <font>font13</font>
                <onup>3000</onup>
                <onleft>6002</onleft>
                <onright>6000</onright>
                <!-- OnClick handled by Python -->
            </control>

            <!-- Close Button -->
            <control type="button" id="6000">
                <left>700</left>
                <top>880</top>
                <width>200</width>
                <height>60</height>
                <label>Close</label>
                <font>font13</font>
                <onup>3000</onup>
                <onleft>6001</onleft>
                <!-- OnClick handled by Python -->
            </control>
        </control>
    </controls>
</window>
