{
    "name": "AIOStreams (Source Select)",
    "plugin": "plugin.video.aiostreams",
    "priority": 201,
    "is_resolvable": "true",
    "assert": {
        "play_movie": ["imdb_id"],
        "play_episode": ["imdb_id", "season", "episode"]
    },
    "play_movie": "plugin://plugin.video.aiostreams/?action=select_stream&content_type=movie&imdb_id={imdb_id}&title={title}",
    "play_episode": "plugin://plugin.video.aiostreams/?action=select_stream&content_type=series&imdb_id={imdb_id}&season={season}&episode={episode}&title={showname}"
}
