<?xml version="1.0" encoding="UTF-8"?>
<window>
    <defaultcontrol always="true">3</defaultcontrol>
    <include>Animation_DialogPopupOpenClose</include>
    <controls>
        <!-- Full Screen Dimmer -->
        <control type="image">
            <include>FullScreenDimensions</include>
            <texture colordiffuse="FF000000">colors/black.png</texture>
        </control>

        <control type="group">
            <top>90</top>
            <centerleft>50%</centerleft>
            <width>1820</width>
            <height>900</height>
            <include>Animation_DialogPopupVisible</include>
            
            <!-- Standard Skin Frame -->
            <include content="DialogBackgroundCommons">
                <param name="width" value="1820" />
                <param name="height" value="900" />
                <param name="header_label" value="Integration Setup" />
                <param name="header_id" value="2" />
            </include>

            <!-- Categories Area (ID 3) -->
            <control type="list" id="3">
                <description>Categories Area</description>
                <left>29</left>
                <top>80</top>
                <width>400</width>
                <height>740</height>
                <onleft>9500</onleft>
                <onright>5</onright>
                <onup>3</onup>
                <ondown>3</ondown>
                <pagecontrol>-</pagecontrol>
                <scrolltime>200</scrolltime>
                <itemlayout height="75" width="400">
                    <control type="label">
                        <left>20</left>
                        <top>0</top>
                        <width>360</width>
                        <height>75</height>
                        <font>font13</font>
                        <label>$INFO[ListItem.Label]</label>
                        <textcolor>white</textcolor>
                        <aligny>center</aligny>
                    </control>
                </itemlayout>
                <focusedlayout height="75" width="400">
                    <control type="image">
                        <width>400</width>
                        <height>75</height>
                        <texture colordiffuse="button_focus">lists/focus.png</texture>
                    </control>
                    <control type="label">
                        <left>20</left>
                        <top>0</top>
                        <width>360</width>
                        <height>75</height>
                        <font>font13_title</font>
                        <label>$INFO[ListItem.Label]</label>
                        <textcolor>white</textcolor>
                        <aligny>center</aligny>
                    </control>
                </focusedlayout>
            </control>

            <!-- Settings Content Panel Background -->
            <control type="image">
                <left>410</left>
                <top>80</top>
                <width>1100</width>
                <height>740</height>
                <texture border="40" colordiffuse="40FFFFFF">buttons/dialogbutton-nofo.png</texture>
            </control>

            <!-- Main Settings Grouplist (ID 5) -->
            <control type="grouplist" id="5">
                <description>control area</description>
                <left>420</left>
                <top>100</top>
                <width>1080</width>
                <height>700</height>
                <onleft>3</onleft>
                <onright>9500</onright>
                <onup>noop</onup>
                <ondown>noop</ondown>
                <pagecontrol>60</pagecontrol>
                <itemgap>0</itemgap>
                <scrolltime>200</scrolltime>

                <!-- Modules (Selection) Tab -->
                <control type="label" id="10050">
                    <include>DefaultSettingLabel</include>
                    <width>1080</width>
                    <label>REQUIRED COMPONENTS</label>
                    <visible>String.IsEqual(Container(3).ListItem.Property(type),modules)</visible>
                </control>
                <control type="radiobutton" id="10101">
                    <width>1080</width><height>70</height>
                    <include>DefaultSettingButton</include>
                    <label>AIOStreams (Required)</label>
                    <visible>String.IsEqual(Container(3).ListItem.Property(type),modules)</visible>
                </control>
                <control type="radiobutton" id="10102">
                    <width>1080</width><height>70</height>
                    <include>DefaultSettingButton</include>
                    <label>Trakt integration (Required)</label>
                    <visible>String.IsEqual(Container(3).ListItem.Property(type),modules)</visible>
                </control>
                
                <control type="label" id="10051">
                    <include>DefaultSettingLabel</include>
                    <width>1080</width>
                    <label>SUGGESTED COMPONENTS</label>
                    <visible>String.IsEqual(Container(3).ListItem.Property(type),modules)</visible>
                </control>
                <control type="radiobutton" id="10103">
                    <width>1080</width><height>70</height>
                    <include>DefaultSettingButton</include>
                    <label>AIODI skin</label>
                    <visible>String.IsEqual(Container(3).ListItem.Property(type),modules)</visible>
                </control>
                <control type="radiobutton" id="10104">
                    <width>1080</width><height>70</height>
                    <include>DefaultSettingButton</include>
                    <label>YouTube plugin</label>
                    <visible>String.IsEqual(Container(3).ListItem.Property(type),modules)</visible>
                </control>
                <control type="radiobutton" id="10105">
                    <width>1080</width><height>70</height>
                    <include>DefaultSettingButton</include>
                    <label>NextUp Episodes</label>
                    <visible>String.IsEqual(Container(3).ListItem.Property(type),modules)</visible>
                </control>

                <control type="label" id="10052">
                    <include>DefaultSettingLabel</include>
                    <width>1080</width>
                    <label>OPTIONAL COMPONENTS</label>
                    <visible>String.IsEqual(Container(3).ListItem.Property(type),modules)</visible>
                </control>
                <control type="radiobutton" id="10106">
                    <width>1080</width><height>70</height>
                    <include>DefaultSettingButton</include>
                    <label>IPTV Simple Player</label>
                    <visible>String.IsEqual(Container(3).ListItem.Property(type),modules)</visible>
                </control>
                <control type="radiobutton" id="10107">
                    <width>1080</width><height>70</height>
                    <include>DefaultSettingButton</include>
                    <label>IMVDb Music Videos</label>
                    <visible>String.IsEqual(Container(3).ListItem.Property(type),modules)</visible>
                </control>
                <control type="radiobutton" id="10108">
                    <width>1080</width><height>70</height>
                    <include>DefaultSettingButton</include>
                    <label>TMDb Helper Players</label>
                    <visible>String.IsEqual(Container(3).ListItem.Property(type),modules)</visible>
                </control>

                <!-- AIOStreams Configuration -->
                <control type="label" id="10000">
                    <include>DefaultSettingLabel</include>
                    <width>1080</width>
                    <label>AIOStreams Configuration</label>
                    <visible>String.IsEqual(Container(3).ListItem.Property(type),aiostreams)</visible>
                </control>
                <control type="edit" id="10001">
                    <width>1080</width><height>70</height>
                    <include>DefaultSettingButton</include>
                    <label>Host Base URL</label>
                    <visible>String.IsEqual(Container(3).ListItem.Property(type),aiostreams)</visible>
                </control>
                <control type="edit" id="10002">
                    <width>1080</width><height>70</height>
                    <include>DefaultSettingButton</include>
                    <label>Instance UUID</label>
                    <visible>String.IsEqual(Container(3).ListItem.Property(type),aiostreams)</visible>
                </control>
                <control type="edit" id="10003">
                    <width>1080</width><height>70</height>
                    <include>DefaultSettingButton</include>
                    <label>Password</label>
                    <visible>String.IsEqual(Container(3).ListItem.Property(type),aiostreams)</visible>
                </control>
                <control type="button" id="10004">
                    <width>1080</width><height>70</height>
                    <include>DefaultSettingButton</include>
                    <label>Default Behavior: show_streams</label>
                    <visible>String.IsEqual(Container(3).ListItem.Property(type),aiostreams)</visible>
                </control>
                <control type="edit" id="10005">
                    <width>1080</width><height>70</height>
                    <include>DefaultSettingButton</include>
                    <label>Subtitles (eng,spa)</label>
                    <visible>String.IsEqual(Container(3).ListItem.Property(type),aiostreams)</visible>
                </control>
                <control type="radiobutton" id="10006">
                    <width>1080</width><height>70</height>
                    <include>DefaultSettingButton</include>
                    <label>Enable UpNext Integration</label>
                    <visible>String.IsEqual(Container(3).ListItem.Property(type),aiostreams)</visible>
                </control>

                <!-- Trakt Configuration -->
                <control type="label" id="11000">
                    <include>DefaultSettingLabel</include>
                    <width>1080</width>
                    <label>Trakt Configuration</label>
                    <visible>String.IsEqual(Container(3).ListItem.Property(type),trakt)</visible>
                </control>
                <control type="edit" id="11001">
                    <width>1080</width><height>70</height>
                    <include>DefaultSettingButton</include>
                    <label>Client ID</label>
                    <visible>String.IsEqual(Container(3).ListItem.Property(type),trakt)</visible>
                </control>
                <control type="edit" id="11002">
                    <width>1080</width><height>70</height>
                    <include>DefaultSettingButton</include>
                    <label>Client Secret</label>
                    <visible>String.IsEqual(Container(3).ListItem.Property(type),trakt)</visible>
                </control>

                <!-- YouTube Configuration -->
                <control type="label" id="12000">
                    <include>DefaultSettingLabel</include>
                    <width>1080</width>
                    <label>YouTube Configuration</label>
                    <visible>String.IsEqual(Container(3).ListItem.Property(type),youtube)</visible>
                </control>
                <control type="edit" id="12001">
                    <width>1080</width><height>70</height>
                    <include>DefaultSettingButton</include>
                    <label>API Key</label>
                    <visible>String.IsEqual(Container(3).ListItem.Property(type),youtube)</visible>
                </control>
                <control type="edit" id="12002">
                    <width>1080</width><height>70</height>
                    <include>DefaultSettingButton</include>
                    <label>API ID</label>
                    <visible>String.IsEqual(Container(3).ListItem.Property(type),youtube)</visible>
                </control>
                <control type="edit" id="12003">
                    <width>1080</width><height>70</height>
                    <include>DefaultSettingButton</include>
                    <label>API Secret</label>
                    <visible>String.IsEqual(Container(3).ListItem.Property(type),youtube)</visible>
                </control>

                <!-- IPTV Configuration -->
                <control type="label" id="13000">
                    <include>DefaultSettingLabel</include>
                    <width>1080</width>
                    <label>IPTV Simple Configuration</label>
                    <visible>String.IsEqual(Container(3).ListItem.Property(type),iptv)</visible>
                </control>
                <control type="edit" id="13001">
                    <width>1080</width><height>70</height>
                    <include>DefaultSettingButton</include>
                    <label>M3U URL</label>
                    <visible>String.IsEqual(Container(3).ListItem.Property(type),iptv)</visible>
                </control>
                <control type="edit" id="13002">
                    <width>1080</width><height>70</height>
                    <include>DefaultSettingButton</include>
                    <label>EPG URL</label>
                    <visible>String.IsEqual(Container(3).ListItem.Property(type),iptv)</visible>
                </control>

                <!-- IMVDb Configuration -->
                <control type="label" id="14000">
                    <include>DefaultSettingLabel</include>
                    <width>1080</width>
                    <label>IMVDb Configuration</label>
                    <visible>String.IsEqual(Container(3).ListItem.Property(type),imvdb)</visible>
                </control>
                <control type="edit" id="14001">
                    <width>1080</width><height>70</height>
                    <include>DefaultSettingButton</include>
                    <label>API Key</label>
                    <visible>String.IsEqual(Container(3).ListItem.Property(type),imvdb)</visible>
                </control>
            </control>

            <!-- Settings Scrollbar -->
            <control type="scrollbar" id="60">
                <left>1502</left>
                <top>100</top>
                <width>8</width>
                <height>700</height>
                <onleft>5</onleft>
                <onright>9500</onright>
                <texturesliderbackground colordiffuse="20FFFFFF">colors/white.png</texturesliderbackground>
                <texturesliderbar colordiffuse="60FFFFFF">colors/white.png</texturesliderbar>
                <texturesliderbarfocus colordiffuse="button_focus">colors/white.png</texturesliderbarfocus>
                <visible>Control.IsVisible(5)</visible>
            </control>

            <!-- Action Buttons (ID 9500) -->
            <control type="grouplist" id="9500">
                <left>1510</left>
                <top>92</top>
                <orientation>vertical</orientation>
                <width>300</width>
                <height>300</height>
                <itemgap>-10</itemgap>
                <onleft>5</onleft>
                <onright>3</onright>
                <onup>9500</onup>
                <ondown>9500</ondown>
                <include content="DefaultDialogButton">
                    <param name="id" value="9010" />
                    <param name="label" value="INSTALL" />
                </include>
                <include content="DefaultDialogButton">
                    <param name="id" value="9011" />
                    <param name="label" value="CANCEL" />
                </include>
            </control>
        </control>
    </controls>
</window>
