<?xml version="1.0" encoding="UTF-8"?>
<!--
    AIOStreams Custom Font Definitions

    Includes Noto Emoji font for proper emoji rendering in stream selection dialogs.
    The NotoEmoji-Regular.ttf font is bundled in the fonts/ directory.

    Font fallback order: custom font -> Kodi system fonts -> arial
-->
<fonts>
    <fontset id="Default" unicode="true">
        <!-- Title fonts - Uses Kodi's arial.ttf (DejaVu Sans) with full BMP Unicode support -->
        <font>
            <name>aiostreams_title</name>
            <filename>arial.ttf</filename>
            <size>32</size>
            <style>bold</style>
        </font>

        <!-- Large stream name font -->
        <font>
            <name>aiostreams_stream_name</name>
            <filename>arial.ttf</filename>
            <size>22</size>
            <style>bold</style>
        </font>

        <!--
            Stream detail lines - Uses arial.ttf for guaranteed Unicode symbol support
            This is the main font used in stream selection dialogs
            Size reduced to 11px to fit 6 rows comfortably
        -->
        <font>
            <name>aiostreams_stream_detail</name>
            <filename>arial.ttf</filename>
            <size>11</size>
        </font>

        <!-- Stream description - Reduced to 9px to fit 6 rows of text -->
        <font>
            <name>aiostreams_stream_desc</name>
            <filename>arial.ttf</filename>
            <size>9</size>
        </font>

        <!-- Small detail text with Unicode symbol support -->
        <font>
            <name>aiostreams_small</name>
            <filename>arial.ttf</filename>
            <size>16</size>
        </font>

        <!-- Instructions / helper text -->
        <font>
            <name>aiostreams_helper</name>
            <filename>arial.ttf</filename>
            <size>14</size>
        </font>

        <!-- Dedicated symbol font for explicit Unicode usage -->
        <font>
            <name>aiostreams_emoji</name>
            <filename>arial.ttf</filename>
            <size>18</size>
        </font>

        <!-- Large symbol font -->
        <font>
            <name>aiostreams_emoji_large</name>
            <filename>arial.ttf</filename>
            <size>24</size>
        </font>

        <!-- Standard Kodi fonts (for compatibility) -->
        <font>
            <name>font10</name>
            <filename>arial.ttf</filename>
            <size>15</size>
        </font>

        <font>
            <name>font12</name>
            <filename>arial.ttf</filename>
            <size>18</size>
        </font>

        <font>
            <name>font13</name>
            <filename>arial.ttf</filename>
            <size>20</size>
        </font>

        <font>
            <name>font13_title</name>
            <filename>arial.ttf</filename>
            <size>22</size>
            <style>bold</style>
        </font>

        <font>
            <name>font30</name>
            <filename>arial.ttf</filename>
            <size>30</size>
            <style>bold</style>
        </font>
    </fontset>

    <!-- Fallback fontset using system fonts -->
    <fontset id="Fallback" unicode="true">
        <font>
            <name>aiostreams_title</name>
            <filename>arial.ttf</filename>
            <size>32</size>
            <style>bold</style>
        </font>
        <font>
            <name>aiostreams_stream_name</name>
            <filename>arial.ttf</filename>
            <size>22</size>
            <style>bold</style>
        </font>
        <font>
            <name>aiostreams_stream_detail</name>
            <filename>arial.ttf</filename>
            <size>11</size>
        </font>
        <font>
            <name>aiostreams_stream_desc</name>
            <filename>arial.ttf</filename>
            <size>9</size>
        </font>
        <font>
            <name>aiostreams_small</name>
            <filename>arial.ttf</filename>
            <size>16</size>
        </font>
        <font>
            <name>aiostreams_helper</name>
            <filename>arial.ttf</filename>
            <size>14</size>
        </font>
        <font>
            <name>aiostreams_emoji</name>
            <filename>arial.ttf</filename>
            <size>18</size>
        </font>
        <font>
            <name>aiostreams_emoji_large</name>
            <filename>arial.ttf</filename>
            <size>24</size>
        </font>
        <font>
            <name>font10</name>
            <filename>arial.ttf</filename>
            <size>15</size>
        </font>
        <font>
            <name>font12</name>
            <filename>arial.ttf</filename>
            <size>18</size>
        </font>
        <font>
            <name>font13</name>
            <filename>arial.ttf</filename>
            <size>20</size>
        </font>
        <font>
            <name>font13_title</name>
            <filename>arial.ttf</filename>
            <size>22</size>
            <style>bold</style>
        </font>
        <font>
            <name>font30</name>
            <filename>arial.ttf</filename>
            <size>30</size>
            <style>bold</style>
        </font>
    </fontset>
</fonts>
