<?xml version="1.0" encoding="UTF-8"?>
<colors>
    <!-- Main Foreground Colors (Opacity Variations) - Adjusted for better readability -->
    <color name="main_fg_100">ffffffff</color>
    <color name="main_fg_90">e6ffffff</color>
    <color name="main_fg_70">b3ffffff</color>
    <color name="main_fg_50">80ffffff</color>
    <color name="main_fg_30">4dffffff</color>
    <color name="main_fg_12">1fffffff</color>
    <color name="white">ffffffff</color>
    <color name="grey">ff808080</color>
    <color name="gray">ff808080</color>
    <color name="red">ffff0000</color>
    <color name="ThemeColor">ffb3b3b3</color>
    <color name="button_focus">ffffffff</color>

    <!-- Main Background Colors (Opacity Variations) -->
    <color name="main_bg_100">ff000000</color>
    <color name="main_bg_90">e7000000</color>
    <color name="main_bg_70">b3000000</color>
    <color name="main_bg_50">80000000</color>
    <color name="main_bg_30">4d000000</color>
    <color name="main_bg_12">1f000000</color>

    <!-- Main Accent Colors -->
    <color name="main_soft">4d4d4d4d</color>
    <color name="main_hard">b34d4d4d</color>
    <color name="main_back">ff4d4d4d</color>
    <color name="main_logo">ffb3b3b3</color>

    <!-- Dialog Colors -->
    <color name="dialog_nib">ff2a3643</color>
    <color name="dialog_overlay">b3000008</color>

    <color name="dialog_fg_100">ffffffff</color>
    <color name="dialog_fg_90">e6ffffff</color>
    <color name="dialog_fg_70">b3ffffff</color>
    <color name="dialog_fg_50">80ffffff</color>
    <color name="dialog_fg_30">4dffffff</color>
    <color name="dialog_fg_12">1fffffff</color>
    <color name="dialog_fg_06">0fffffff</color>

    <color name="dialog_bg_100">ff000000</color>
    <color name="dialog_bg_90">e7000000</color>
    <color name="dialog_bg_70">b3000000</color>
    <color name="dialog_bg_50">80000000</color>
    <color name="dialog_bg_30">4d000000</color>
    <color name="dialog_bg_12">1f000000</color>

    <!-- Panel Colors -->
    <color name="panel_bg_70">b3000000</color>
    <color name="panel_bg_50">80000000</color>
    <color name="panel_bg_12">1f000000</color>
    <color name="panel_fg_100">ffffffff</color>
    <color name="panel_fg_90">e6ffffff</color>
    <color name="panel_fg_70">b3ffffff</color>
    <color name="panel_fg_50">80ffffff</color>
    <color name="panel_fg_30">4dffffff</color>
    <color name="panel_fg_12">1fffffff</color>

    <!-- Overlay Colors -->
    <color name="overlay_soft">12ffffff</color>
    <color name="overlay_hard">33ffffff</color>

    <!-- Shadow Colors -->
    <color name="shadow_soft">1a000000</color>
    <color name="shadow_hard">80000000</color>
    <color name="shadow_full">c0000000</color>
    <color name="shadow_back">80000000</color>

    <!-- Misc -->
    <color name="yellow_star">d7ffcd3c</color>

    <!-- Legacy Compatibility (mapped to new system) -->
    <color name="primary">ffb3b3b3</color>
    <color name="primary_dark">ff4d4d4d</color>
    <color name="primary_light">ffffffff</color>
    <color name="background">ff000000</color>
    <color name="background_overlay">b3000000</color>
    <color name="background_dialog">e7000000</color>
    <color name="text_primary">ffffffff</color>
    <color name="text_secondary">b3ffffff</color>
    <color name="text_disabled">4dffffff</color>
    <color name="text_focused">ffffffff</color>
    <color name="accent">ffb3b3b3</color>
    <color name="accent_success">ff00ff00</color>
    <color name="accent_warning">d7ffcd3c</color>
    <color name="accent_error">ffff0000</color>
    <color name="widget_background">1f000000</color>
    <color name="widget_border">4d4d4d4d</color>
    <color name="widget_focused">ffb3b3b3</color>
    <color name="watched">ff00ff00</color>
    <color name="watchlist">d7ffcd3c</color>
    <color name="collection">ffb3b3b3</color>
    <color name="white">ffffffff</color>
    <color name="black">ff000000</color>
    <color name="transparent">00000000</color>
    <color name="semi_transparent">80000000</color>
    <color name="highlight">ffb3b3b3</color>
    <color name="highlight_alt">ff4d4d4d</color>
</colors>
