<?xml version="4.0.3" encoding="UTF-8"?>
<addon id="skin.AIODI" version="6.0.662" name="AIODI" provider-name="Jon">
	<requires>
		<import addon="xbmc.gui" version="5.17.0"/>
		<import addon="plugin.video.aiostreams" version="1.1.139"/>
		<import addon="plugin.video.youtube" version="6.8.18"/>
		<import addon="service.upnext" version="1.1.8"/>
		<import addon="pvr.iptvsimple" version="20.10.1"/>
		<import addon="plugin.video.imvdb" version="1.0.0"/>
		<!-- Core Libraries -->
		<import addon="inputstream.adaptive" version="20.3.5"/>
		<import addon="script.module.requests" version="2.25.1"/>
		<import addon="script.module.routing" version="0.2.3"/>
		<import addon="script.module.kodi-six" version="0.1.3"/>
		<import addon="script.module.simplecache" version="1.0.20"/>
		<import addon="script.module.urllib3" version="1.26.4"/>
		<import addon="script.module.chardet" version="4.0.0"/>
		<import addon="script.module.certifi" version="2020.12.5"/>
		<import addon="script.module.idna" version="2.10.0"/>
		<import addon="script.module.six" version="1.15.0"/>
		<import addon="script.module.beautifulsoup4" version="4.9.3"/>
		<import addon="script.module.arrow" version="0.17.0"/>
		<import addon="script.module.dateutil" version="2.8.1"/>
	</requires>
	<extension point="xbmc.gui.skin" debugging="false">
		<res width="1920" height="1440" aspect="4:3" default="false" folder="xml" />
		<res width="1920" height="1280" aspect="3:2" default="false" folder="xml" />
		<res width="1920" height="1200" aspect="16:10" default="false" folder="xml" />
		<res width="2040" height="1080" aspect="17:9" default="false" folder="xml" />
		<res width="1920" height="1080" aspect="16:9" default="true" folder="xml" />
		<res width="2560" height="1080" aspect="21:9" default="false" folder="xml" />
		<res width="2338" height="1080" aspect="19.5:9" default="false" folder="xml" />
		<res width="2160" height="1080" aspect="18:9" default="false" folder="xml" />
	</extension>
	<extension point="xbmc.addon.metadata">
		<platform>all</platform>
		<license>CC BY-SA 4.0, GNU GENERAL PUBLIC LICENSE Version 2.0</license>
		<forum>http://forum.kodi.tv/</forum>
		<source>https://github.com/xbmc/skin.estuary/</source>
		<assets>
			<icon>resources/icon.png</icon>
			<fanart>resources/fanart.jpg</fanart>
			<screenshot>resources/screenshot-01.jpg</screenshot>
			<screenshot>resources/screenshot-02.jpg</screenshot>
			<screenshot>resources/screenshot-03.jpg</screenshot>
			<screenshot>resources/screenshot-04.jpg</screenshot>
			<screenshot>resources/screenshot-05.jpg</screenshot>
			<screenshot>resources/screenshot-06.jpg</screenshot>
			<screenshot>resources/screenshot-07.jpg</screenshot>
			<screenshot>resources/screenshot-08.jpg</screenshot>
		</assets>
		<summary>AIODI skin by shiggsy365</summary>
		<description lang="en_GB">AIODI, forked from Embuary, is the solution for AIOStreams in Kodi</description>
	</extension>
</addon>
