<?xml version="1.0"encoding="utf-8"?>
<window type="dialog"id="1104">
    <include file="Includes.xml"/>
	<defaultcontrol always="true">3000</defaultcontrol>
	<animation type="WindowOpen"effect="fade"start="0"end="100"time="400"/>
	<animation type="WindowClose"effect="fade"start="100"end="0"time="300"/>
	<controls>
		<control type="image">
			<include>FullScreenDimensions</include>
			<aspectratio>scale</aspectratio>
			<texture >common/black.png</texture>
		</control>
		<control type="image">
			<include>FullScreenDimensions</include>
			<aspectratio>keep</aspectratio>
			<texture>$INFO[Window(home).Property(fanart)]</texture>
		</control>
		<control type="button"id="3000">
			<include>HiddenObject</include>
			<onclick>Action(close)</onclick>
		</control>
	</controls>
</window>
