<?xml version="1.0" encoding="UTF-8" standalone="yes"?>
<addon id="plugin.video.aiostreams" name="AIOStreams" version="2.6.7" provider-name="Jon">
    <requires>
        <import addon="xbmc.python" version="3.0.0"/>
        <import addon="script.module.requests" version="2.25.1"/>
    </requires>
    <extension point="xbmc.python.pluginsource" library="addon.py">
        <provides>video</provides>
    </extension>
    <extension point="xbmc.addon.metadata">
        <summary lang="en_GB">AIOStreams addon for Kodi with advanced features</summary>
        <description lang="en_GB">Search and stream content from AIOStreams with comprehensive Trakt integration, stream quality filtering, reliability tracking, UI enhancements (color coding, progress bars), content discovery, keyboard shortcuts, and maintenance tools. Features dynamic context menus, smart stream sorting, and preference learning.</description>
        <platform>all</platform>
        <license>MIT</license>
        <website>https://aiostreams.shiggsy.co.uk</website>
        <news>v2.6.7: Incremental cache optimization - Widget refresh is now faster with per-show cache updates instead of full invalidation. | v2.6.6: Handle Trakt eventual consistency - Next Up shows correct episode after 10s grace period. | v2.6.5: Fixed cache invalidation - Next Up now properly updates when episodes marked as watched.</news>
        <assets>
            <icon>resources/icon.png</icon>
            <fanart>resources/fanart.jpg</fanart>
        </assets>
    </extension>
</addon>
