<?xml version="1.0" encoding="UTF-8"?>
<window>
<onload condition="String.IsEmpty(Skin.String(MovieRow1Index))">Skin.SetString(MovieRow1Index,0)</onload>
<onload condition="String.IsEmpty(Skin.String(MovieRow2Index))">Skin.SetString(MovieRow2Index,1)</onload>
<onload condition="String.IsEmpty(Skin.String(MovieRow3Index))">Skin.SetString(MovieRow3Index,2)</onload>
<onload condition="String.IsEmpty(Skin.String(MovieRow4Index))">Skin.SetString(MovieRow4Index,3)</onload>
<onload condition="String.IsEmpty(Skin.String(SeriesRow1Index))">Skin.SetString(SeriesRow1Index,0)</onload>
<onload condition="String.IsEmpty(Skin.String(SeriesRow2Index))">Skin.SetString(SeriesRow2Index,1)</onload>
<onload condition="String.IsEmpty(Skin.String(SeriesRow3Index))">Skin.SetString(SeriesRow3Index,2)</onload>
<onload condition="String.IsEmpty(Skin.String(SeriesRow4Index))">Skin.SetString(SeriesRow4Index,3)</onload>





<defaultcontrol>9000</defaultcontrol>
<backgroundcolor>background</backgroundcolor>
<controls>
<control type="button" id="20000">
<include>HiddenObject</include>
<onfocus>SetFocus(2000)</onfocus>
<visible allowhiddenfocus="true">Control.HasFocus(20000)</visible>
</control>
<control type="button" id="20001">
<include>HiddenObject</include>
<onfocus>SetFocus(2000)</onfocus>
<visible allowhiddenfocus="true">Control.HasFocus(20001)</visible>
</control>
<include>DefaultBackground</include>
<control type="multiimage">
<depth>DepthBackground</depth>
<include>FullScreenDimensions</include>
<aspectratio>scale</aspectratio>
<imagepath background="true" colordiffuse="bg_overlay">$VAR[HomeFanartVar]</imagepath>
<visible>!Player.HasMedia</visible>
</control>
<control type="group">
<animation effect="fade" start="100" end="0" time="200" tween="sine" condition="$EXP[infodialog_active]">Conditional</animation>

<!-- Sidebar Background -->
<control type="image">
	<left>0</left>
	<top>0</top>
	<width>120</width>
	<bottom>0</bottom>
	<texture colordiffuse="FF000000">colors/white.png</texture>
	<animation effect="slide" start="-120,0" end="0,0" time="300">WindowOpen</animation>
</control>

<!-- AIOStreams Logo -->
<control type="button" id="9001">
	<left>10</left>
	<top>20</top>
	<width>100</width>
	<height>60</height>
	<texturefocus>special://skin/media/aiostreams_logo.png</texturefocus>
	<texturenofocus>special://skin/media/aiostreams_logo.png</texturenofocus>
	<onup>noop</onup>
	<ondown>9000</ondown>
	<onclick>noop</onclick>
</control>

<control type="fixedlist" id="9000">
<left>0</left>
<top>120</top>
<width>120</width>
<bottom>60</bottom>
<movement>7</movement>
<focusposition>0</focusposition>
<onup>9001</onup>
<oncontextmenu>ActivateWindow(1115)</oncontextmenu>
<onrightclick>ActivateWindow(1115)</onrightclick>
<onright>SetFocus($INFO[Container(9000).ListItem.Property(menu_id)])</onright>
<focusedlayout height="85">
<control type="group">
<control type="image">
<left>24</left>
<top>7</top>
<width>71</width>
<height>71</height>
<texture>$INFO[ListItem.Property(icon_red)]</texture>
</control>
</control>
</focusedlayout>
<itemlayout height="85">
<control type="image">
<left>24</left>
<top>7</top>
<width>71</width>
<height>71</height>
<texture>$INFO[ListItem.Icon]</texture>
</control>
</itemlayout>
<content>
	<item>
		<label>Search</label>
		<onclick>noop</onclick>
		<property name="menu_id">noop</property>
		<thumb>icons/sidemenu/search_white.png</thumb>
		<property name="icon_red">icons/sidemenu/search_red.png</property>
		<property name="id">search</property>
	</item>
	<item>
		<label>Spacer</label>
		<enable>false</enable>
	</item>
	<item>
		<label>$LOCALIZE[10000]</label>
		<onclick>noop</onclick>
		<property name="menu_id">10000</property>
		<thumb>icons/sidemenu/home_white.png</thumb>
		<property name="icon_red">icons/sidemenu/home_red.png</property>
		<property name="id">home</property>
	</item>
	<item>
		<label>[20343]</label>
		<onclick>ActivateWindow(Videos,videodb://tvshows/titles/,return)</onclick>
		<property name="menu_id">6000</property>
		<thumb>icons/sidemenu/tv_white.png</thumb>
		<property name="icon_red">icons/sidemenu/tv_red.png</property>
		<property name="id">tvshows</property>
	</item>
	<item>
		<label>[342]</label>
		<onclick>ActivateWindow(Videos,videodb://movies/titles/,return)</onclick>
		<property name="menu_id">5000</property>
		<thumb>icons/sidemenu/movies_white.png</thumb>
		<property name="icon_red">icons/sidemenu/movies_red.png</property>
		<property name="id">movies</property>
	</item>
	<item>
		<label>TV</label>
		<onclick>ActivateWindow(TVChannels)</onclick>
		<property name="menu_id">12000</property>
		<thumb>icons/sidemenu/livetv_white.png</thumb>
		<property name="icon_red">icons/sidemenu/livetv_red.png</property>
		<property name="id">livetv</property>
	</item>
	<item>
		<label>[2]</label>
		<onclick>ActivateWindow(Music,root,return)</onclick>
		<property name="menu_id">7000</property>
		<thumb>icons/sidemenu/music_white.png</thumb>
		<property name="icon_red">icons/sidemenu/music_red.png</property>
		<property name="id">music</property>
	</item>
	<item>
		<label>Spacer</label>
		<enable>false</enable>
	</item>
	<item>
		<label>[5]</label>
		<onclick>ActivateWindow(settings)</onclick>
		<property name="menu_id">20000</property>
		<thumb>icons/sidemenu/settings_white.png</thumb>
		<property name="icon_red">icons/sidemenu/settings_red.png</property>
		<property name="id">settings</property>
	</item>
</content>
</control>

<!-- Time at Bottom -->
<control type="label">
	<left>0</left>
	<bottom>10</bottom>
	<width>120</width>
	<height>40</height>
	<font>font12</font>
	<textcolor>#FFFFFF</textcolor>
	<align canvas="true">center</align>
	<aligny>center</aligny>
	<label>$INFO[System.Time]</label>
</control>

<!-- Content Panels -->
<control type="group" id="2000">
<left>120</left>
<include>OpenClose_Right</include>

<!-- Home Widgets -->
<control type="group" id="10000">
					<top>450</top>
<visible>String.IsEqual(Container(9000).ListItem.Property(id),home)</visible>
<include content="Visible_Right_Delayed"><param name="id" value="home"/></include>
<control type="grouplist" id="10001">
						
<include>WidgetGroupListCommon</include>


<control type="group">
<visible>!Skin.HasSetting(HideRow1)</visible>
<include content="WidgetListEpisodes">
<param name="content_path" value="plugin://plugin.video.aiostreams/?action=trakt_next_up"/>
<param name="widget_header" value="Trakt Next Up"/>
<param name="widget_target" value="videos"/>
<param name="list_id" value="10100"/>
</include>
</control>
<control type="group">
<visible>!Skin.HasSetting(HideRow2)</visible>
<include content="WidgetListPoster">
<param name="content_path" value="plugin://plugin.video.aiostreams/?action=trakt_watchlist&amp;media_type=movies"/>
<param name="widget_header" value="Trakt Watchlist Movies"/>
<param name="widget_target" value="videos"/>
<param name="list_id" value="10200"/>
</include>
</control>
<control type="group">
<visible>!Skin.HasSetting(HideRow3)</visible>
<include content="WidgetListPoster">
<param name="content_path" value="plugin://plugin.video.aiostreams/?action=trakt_watchlist&amp;media_type=shows"/>
<param name="widget_header" value="Trakt Watchlist Series"/>
<param name="widget_target" value="videos"/>
<param name="list_id" value="10300"/>
</include>
</control>
</control>
</control>

<!-- Movie Widgets -->
<control type="group" id="5000">
					<top>450</top>
<visible>String.IsEqual(Container(9000).ListItem.Property(id),movies)</visible>
<include content="Visible_Right_Delayed"><param name="id" value="movies"/></include>
<control type="grouplist" id="5001">
						
<include>WidgetGroupListCommon</include>


<control type="group">
<visible>!Skin.HasSetting(HideRow1)</visible>
<include content="WidgetListPoster">
<param name="content_path" value="plugin://plugin.video.aiostreams/?action=smart_widget&amp;index=$VAR[MovieRow1IndexVar]&amp;content_type=movie"/>
<param name="widget_header" value="$INFO[Window(Home).Property(movie_catalog_0_name)]"/>
<param name="widget_target" value="videos"/>
<param name="list_id" value="5100"/>
</include>
</control>
<control type="group">
<visible>!Skin.HasSetting(HideRow2)</visible>
<include content="WidgetListPoster">
<param name="content_path" value="plugin://plugin.video.aiostreams/?action=smart_widget&amp;index=$VAR[MovieRow2IndexVar]&amp;content_type=movie"/>
<param name="widget_header" value="$INFO[Window(Home).Property(movie_catalog_1_name)]"/>
<param name="widget_target" value="videos"/>
<param name="list_id" value="5200"/>
</include>
</control>
<control type="group">
<visible>!Skin.HasSetting(HideRow3)</visible>
<include content="WidgetListPoster">
<param name="content_path" value="plugin://plugin.video.aiostreams/?action=smart_widget&amp;index=$VAR[MovieRow3IndexVar]&amp;content_type=movie"/>
<param name="widget_header" value="$INFO[Window(Home).Property(movie_catalog_2_name)]"/>
<param name="widget_target" value="videos"/>
<param name="list_id" value="5300"/>
</include>
</control>
<control type="group">
<visible>!Skin.HasSetting(HideRow4)</visible>
<include content="WidgetListPoster">
<param name="content_path" value="plugin://plugin.video.aiostreams/?action=smart_widget&amp;index=$VAR[MovieRow4IndexVar]&amp;content_type=movie"/>
<param name="widget_header" value="$INFO[Window(Home).Property(movie_catalog_3_name)]"/>
<param name="widget_target" value="videos"/>
<param name="list_id" value="5400"/>
</include>
</control>
</control>
</control>

<!-- TV Series Widgets -->
<control type="group" id="6000">
					<top>450</top>
<visible>String.IsEqual(Container(9000).ListItem.Property(id),tvshows)</visible>
<include content="Visible_Right_Delayed"><param name="id" value="tvshows"/></include>
<control type="grouplist" id="6001">
						
<include>WidgetGroupListCommon</include>


<control type="group">
<visible>!Skin.HasSetting(HideRow1)</visible>
<include content="WidgetListPoster">
<param name="content_path" value="plugin://plugin.video.aiostreams/?action=smart_widget&amp;index=$VAR[SeriesRow1IndexVar]&amp;content_type=series"/>
<param name="widget_header" value="$INFO[Window(Home).Property(series_catalog_0_name)]"/>
<param name="widget_target" value="videos"/>
<param name="list_id" value="6100"/>
</include>
</control>
<control type="group">
<visible>!Skin.HasSetting(HideRow2)</visible>
<include content="WidgetListPoster">
<param name="content_path" value="plugin://plugin.video.aiostreams/?action=smart_widget&amp;index=$VAR[SeriesRow2IndexVar]&amp;content_type=series"/>
<param name="widget_header" value="$INFO[Window(Home).Property(series_catalog_1_name)]"/>
<param name="widget_target" value="videos"/>
<param name="list_id" value="6200"/>
</include>
</control>
<control type="group">
<visible>!Skin.HasSetting(HideRow3)</visible>
<include content="WidgetListPoster">
<param name="content_path" value="plugin://plugin.video.aiostreams/?action=smart_widget&amp;index=$VAR[SeriesRow3IndexVar]&amp;content_type=series"/>
<param name="widget_header" value="$INFO[Window(Home).Property(series_catalog_2_name)]"/>
<param name="widget_target" value="videos"/>
<param name="list_id" value="6300"/>
</include>
</control>
<control type="group">
<visible>!Skin.HasSetting(HideRow4)</visible>
<include content="WidgetListPoster">
<param name="content_path" value="plugin://plugin.video.aiostreams/?action=smart_widget&amp;index=$VAR[SeriesRow4IndexVar]&amp;content_type=series"/>
<param name="widget_header" value="$INFO[Window(Home).Property(series_catalog_3_name)]"/>
<param name="widget_target" value="videos"/>
<param name="list_id" value="6400"/>
</include>
</control>
</control>
</control>
</control>

<include>BottomBar</include>
<control type="group">
<depth>DepthBars</depth>
<bottom>0</bottom>
<height>70</height>
<include condition="!Skin.HasSetting(hide_mediaflags)" content="MediaFlags">
<param name="infolabel_prefix" value="Container." />
<param name="resolution_var" value="$VAR[ContainerResolutionFlagVar]" />
</include>
</control>
<include content="TopBar">
<param name="breadcrumbs_label" value="" />
</include>

</control>
</controls>
</window>
