<?xml version="1.0" encoding="UTF-8"?>
<window>
<onload>Skin.SetString(SideMenuFocus,home)</onload>
<onload>Skin.SetString(Home_WidgetIndex,0)</onload>
<onload>Skin.SetString(Movies_WidgetIndex,0)</onload>
<onload>Skin.SetString(TV_WidgetIndex,0)</onload>
<onload>Skin.Reset(SideMenuFocus)</onload>
<onload>Skin.SetString(SideMenuFocus,home)</onload>





<defaultcontrol>9000</defaultcontrol>
<backgroundcolor>background</backgroundcolor>
<controls>
<!-- Top Layer Debug Labels moved to bottom -->

<control type="button" id="20000">
<include>HiddenObject</include>
<onfocus>SetFocus(2000)</onfocus>
<visible allowhiddenfocus="true">Control.HasFocus(20000)</visible>
</control>
<control type="button" id="20001">
<include>HiddenObject</include>
<onfocus>SetFocus(2000)</onfocus>
<visible allowhiddenfocus="true">Control.HasFocus(20001)</visible>
</control>
<include content="DefaultBackground" />
	<control type="group">
		<visible>!Player.HasMedia</visible>
		<!-- Background Fanart -->
		<control type="image">
			<depth>DepthBackground</depth>
			<include>FullScreenDimensions</include>
			<texture background="true" colordiffuse="BBFFFFFF">$VAR[CurrentWidgetFanart]</texture>
			<fadetime>600</fadetime>
			<aspectratio>scale</aspectratio>
		</control>
		
		<!-- Info Overlay -->
		<control type="group">
			<left>150</left>
			<top>120</top>
			<width>1100</width>
			<height>500</height>
			<animation effect="fade" start="0" end="100" time="400">Visible</animation>
			<animation effect="fade" start="100" end="0" time="400">Hidden</animation>

			<!-- ClearLogo -->
			<control type="image">
				<left>0</left>
				<top>0</top>
				<width>600</width>
				<height>250</height>
				<aspectratio align="left" aligny="bottom">keep</aspectratio>
				<texture>$VAR[CurrentWidgetClearLogo]</texture>
			</control>
			
			<!-- Info String -->
			<control type="label">
				<left>0</left>
				<top>260</top>
				<width>1100</width>
				<height>45</height>
				<font>font13</font>
				<textcolor>white</textcolor>
				<shadowcolor>black</shadowcolor>
				<label>$VAR[CurrentWidgetInfo]</label>
			</control>
			
			<!-- Plot -->
			<control type="textbox">
				<left>0</left>
				<top>310</top>
				<width>1100</width>
				<height>200</height>
				<font>font12</font>
				<textcolor>DDFFFFFF</textcolor>
				<shadowcolor>black</shadowcolor>
				<label>$VAR[CurrentWidgetPlot]</label>
				<align>justify</align>
				<autoscroll delay="8000" repeat="5000">true</autoscroll>
			</control>
		</control>
	</control>

<control type="group">
<!-- <animation effect="fade" start="100" end="0" time="200" tween="sine" condition="$EXP[infodialog_active]">Conditional</animation> -->


<!-- Sidebar -->
<control type="group">
	<animation effect="slide" start="-120,0" end="0,0" time="300">WindowOpen</animation>
	<control type="image">
		<left>0</left>
		<top>0</top>
		<width>120</width>
		<bottom>0</bottom>
		<texture colordiffuse="FF000000">colors/white.png</texture>
	</control>

	<!-- Top Group (Logo & Search) -->
	<control type="group">
		<top>20</top>
		<height>160</height>
		
		<!-- AIOStreams Logo -->
		<control type="button" id="9001">
			<left>10</left>
			<top>0</top>
			<width>100</width>
			<height>60</height>
			<texturefocus>special://skin/media/aiostreams_logo.png</texturefocus>
			<texturenofocus>special://skin/media/aiostreams_logo.png</texturenofocus>
			<onup>noop</onup>
			<ondown>9002</ondown>
			<onright>noop</onright>
			<onclick>ActivateWindow(Profiles)</onclick>
		</control>

		<!-- Search -->
		<control type="group">
			<top>80</top>
			<width>120</width>
			<height>85</height>
			<control type="button" id="9002">
				<width>120</width>
				<height>85</height>
				<texturefocus />
				<texturenofocus />
				<onup>9001</onup>
				<ondown>9003</ondown>
				<onright>SetFocus($VAR[CurrentWidgetListID])</onright>

				<onclick>ActivateWindow(Videos,plugin://plugin.video.aiostreams/?action=search&amp;content_type=both&amp;nonce=$VAR[SearchTimestamp],return)</onclick>
			</control>
			<control type="image">
				<left>24</left>
				<top>7</top>
				<width>71</width>
				<height>71</height>
				<texture>icons/sidemenu/search_white.png</texture>
				<visible>!Control.HasFocus(9002)</visible>
			</control>
			<control type="image">
				<left>24</left>
				<top>7</top>
				<width>71</width>
				<height>71</height>
				<texture>icons/sidemenu/search_red.png</texture>
				<visible>Control.HasFocus(9002)</visible>
			</control>
		</control>
	</control>

	<!-- Center Group (Main Menu) -->
	<control type="grouplist" id="9000">
		<left>0</left>
		<top>180</top>
		<width>120</width>
		<bottom>180</bottom>
		<align>center</align>
		<itemgap>70</itemgap>
		<onright>12000</onright>



		<!-- Home -->
		<control type="group">
			<width>120</width>
			<height>85</height>
			<control type="button" id="9003">
				<width>120</width>
				<height>85</height>
				<texturefocus />
				<texturenofocus />
				<onup>9002</onup>
				<ondown>9004</ondown>
				<onfocus>Skin.SetString(SideMenuFocus,home)|Skin.SetString(Home_WidgetIndex,0)</onfocus>
				<onright>SetFocus($VAR[CurrentWidgetListID])</onright>
				<onclick>ActivateWindow(Videos,plugin://plugin.video.aiostreams/,return)</onclick>

			</control>
			<control type="image">
				<left>24</left>
				<top>7</top>
				<width>71</width>
				<height>71</height>
				<texture>icons/sidemenu/home_white.png</texture>
				<visible>!Control.HasFocus(9003) + !Skin.IsString(SideMenuFocus,home)</visible>
			</control>
			<control type="image">
				<left>24</left>
				<top>7</top>
				<width>71</width>
				<height>71</height>
				<texture>icons/sidemenu/home_red.png</texture>
				<visible>Control.HasFocus(9003) | [!ControlGroup(9000).HasFocus + Skin.IsString(SideMenuFocus,home) + !ControlGroup(9100).HasFocus]</visible>
			</control>
		</control>

		<!-- TV Shows -->
		<control type="group">
			<width>120</width>
			<height>85</height>
			<control type="button" id="9004">
				<width>120</width>
				<height>85</height>
				<texturefocus />
				<texturenofocus />
				<onup>9003</onup>
				<ondown>9005</ondown>
				<onfocus>Skin.SetString(SideMenuFocus,tvshows)|Skin.SetString(TV_WidgetIndex,0)</onfocus>
				<onright>SetFocus($VAR[CurrentWidgetListID])</onright>

				<onclick>ActivateWindow(Videos,plugin://plugin.video.aiostreams/?action=series_lists,return)</onclick>
			</control>
			<control type="image">
				<left>24</left>
				<top>7</top>
				<width>71</width>
				<height>71</height>
				<texture>icons/sidemenu/tv_white.png</texture>
				<visible>!Control.HasFocus(9004) + !Skin.IsString(SideMenuFocus,tvshows)</visible>
			</control>
			<control type="image">
				<left>24</left>
				<top>7</top>
				<width>71</width>
				<height>71</height>
				<texture>icons/sidemenu/tv_red.png</texture>
				<visible>Control.HasFocus(9004) | [!ControlGroup(9000).HasFocus + Skin.IsString(SideMenuFocus,tvshows) + !ControlGroup(9100).HasFocus]</visible>
			</control>
		</control>

		<!-- Movies -->
		<control type="group">
			<width>120</width>
			<height>85</height>
			<control type="button" id="9005">
				<width>120</width>
				<height>85</height>
				<texturefocus />
				<texturenofocus />
				<onup>9004</onup>
				<ondown>9006</ondown>
				<onfocus>Skin.SetString(SideMenuFocus,movies)|Skin.SetString(Movies_WidgetIndex,0)</onfocus>
				<onright>SetFocus($VAR[CurrentWidgetListID])</onright>
				<onclick>ActivateWindow(Videos,plugin://plugin.video.aiostreams/?action=movie_lists,return)</onclick>

			</control>
			<control type="image">
				<left>24</left>
				<top>7</top>
				<width>71</width>
				<height>71</height>
				<texture>icons/sidemenu/movies_white.png</texture>
				<visible>!Control.HasFocus(9005) + !Skin.IsString(SideMenuFocus,movies)</visible>
			</control>
			<control type="image">
				<left>24</left>
				<top>7</top>
				<width>71</width>
				<height>71</height>
				<texture>icons/sidemenu/movies_red.png</texture>
				<visible>Control.HasFocus(9005) | [!ControlGroup(9000).HasFocus + Skin.IsString(SideMenuFocus,movies) + !ControlGroup(9100).HasFocus]</visible>
			</control>
		</control>

		<!-- Live TV -->
		<control type="group">
			<width>120</width>
			<height>85</height>
			<control type="button" id="9006">
				<width>120</width>
				<height>85</height>
				<texturefocus />
				<texturenofocus />
				<onup>9005</onup>
				<ondown>9007</ondown>
				<onfocus>Skin.SetString(SideMenuFocus,livetv)</onfocus>
				<onclick>ActivateWindow(TVChannels)</onclick>
			</control>
			<control type="image">
				<left>24</left>
				<top>7</top>
				<width>71</width>
				<height>71</height>
				<texture>icons/sidemenu/livetv_white.png</texture>
				<visible>!Control.HasFocus(9006) + !Skin.IsString(SideMenuFocus,livetv)</visible>
			</control>
			<control type="image">
				<left>24</left>
				<top>7</top>
				<width>71</width>
				<height>71</height>
				<texture>icons/sidemenu/livetv_red.png</texture>
				<visible>Control.HasFocus(9006) | [!ControlGroup(9000).HasFocus + Skin.IsString(SideMenuFocus,livetv) + !ControlGroup(9100).HasFocus]</visible>
			</control>
		</control>

		<!-- Music -->
		<control type="group">
			<width>120</width>
			<height>85</height>
			<control type="button" id="9007">
				<width>120</width>
				<height>85</height>
				<texturefocus />
				<texturenofocus />
				<onup>9006</onup>
				<ondown>9008</ondown>
				<onfocus>Skin.SetString(SideMenuFocus,music)</onfocus>
				<onclick>ActivateWindow(Music,root,return)</onclick>
			</control>
			<control type="image">
				<left>24</left>
				<top>7</top>
				<width>71</width>
				<height>71</height>
				<texture>icons/sidemenu/music_white.png</texture>
				<visible>!Control.HasFocus(9007) + !Skin.IsString(SideMenuFocus,music)</visible>
			</control>
			<control type="image">
				<left>24</left>
				<top>7</top>
				<width>71</width>
				<height>71</height>
				<texture>icons/sidemenu/music_red.png</texture>
				<visible>Control.HasFocus(9007) | [!ControlGroup(9000).HasFocus + Skin.IsString(SideMenuFocus,music) + !ControlGroup(9100).HasFocus]</visible>
			</control>
		</control>
	</control>

	<!-- Bottom Group (Settings & Clock) -->
	<control type="group" id="9100">
		<bottom>10</bottom>
		<height>125</height>
		
		<!-- Settings -->
		<control type="group">
			<top>0</top>
			<width>120</width>
			<height>85</height>
			<control type="button" id="9008">
				<width>120</width>
				<height>85</height>
				<texturefocus />
				<texturenofocus />
				<onup>9007</onup>
				<ondown>noop</ondown>
				<onfocus>Skin.SetString(SideMenuFocus,settings)</onfocus>
				<onleft>SetFocus(9010)</onleft>
				<onright>SetFocus($VAR[CurrentWidgetListID])</onright>
				<onclick>ActivateWindow(settings)</onclick>
			</control>
			<control type="image">
				<left>24</left>
				<top>7</top>
				<width>71</width>
				<height>71</height>
				<texture>icons/sidemenu/settings_white.png</texture>
				<visible>!Control.HasFocus(9008) + !Skin.IsString(SideMenuFocus,settings)</visible>
			</control>
			<control type="image">
				<left>24</left>
				<top>7</top>
				<width>71</width>
				<height>71</height>
				<texture>icons/sidemenu/settings_red.png</texture>
				<visible>Control.HasFocus(9008) | [!ControlGroup(9000).HasFocus + Skin.IsString(SideMenuFocus,settings) + !ControlGroup(9100).HasFocus]</visible>
			</control>
		</control>

		<!-- Time -->
		<control type="label">
			<left>0</left>
			<top>85</top>
			<width>120</width>
			<height>40</height>
			<font>font12</font>
			<textcolor>#FFFFFF</textcolor>
			<align>center</align>
			<aligny>center</aligny>
			<label>$INFO[System.Time]</label>
		</control>
	</control>
</control>

<!-- Content Panels -->
<control type="group" id="2000">
<left>120</left>
<zorder>100</zorder>
<control type="image">
	<width>1800</width>
	<height>1000</height>
	<texture colordiffuse="22FFFFFF">icons/sidemenu/home_white.png</texture>
	<zorder>-1</zorder>
</control>

<!-- Home Widgets -->
<control type="group" id="11000">
	<bottom>100</bottom>
	<left>0</left>
	<right>0</right>
	<height>550</height>
	<visible>Skin.IsString(SideMenuFocus,home)</visible>
	<control type="image">
		<width>300</width>
		<height>100</height>
		<texture colordiffuse="FF0000FF">icons/sidemenu/home_white.png</texture>
		<zorder>1000</zorder>
	</control>


	<!-- <include content="Visible_Right_Delayed"><param name="id">home</param></include> -->

	<control type="group">
		<visible>Skin.IsString(Home_WidgetIndex,0)</visible>
		
		<include content="WidgetListEpisodes">

			<param name="content_path">plugin://plugin.video.aiostreams/?action=trakt_next_up</param>
			<param name="widget_header">Trakt Next Up</param>
			<param name="widget_target">videos</param>
			<param name="list_id">10100</param>
			<param name="onup_action">Skin.SetString(Home_WidgetIndex,$VAR[Home_Prev_Index])</param>
			<param name="ondown_action">Skin.SetString(Home_WidgetIndex,$VAR[Home_Next_Index])</param>
		</include>
	</control>
	<control type="group">
		<visible>Skin.IsString(Home_WidgetIndex,1)</visible>
		<include content="WidgetListPoster">
			<param name="content_path">plugin://plugin.video.aiostreams/?action=trakt_watchlist&amp;media_type=movies</param>
			<param name="widget_header">Trakt Watchlist Movies</param>
			<param name="widget_target">videos</param>
			<param name="list_id">10200</param>
			<param name="onup_action">Skin.SetString(Home_WidgetIndex,$VAR[Home_Prev_Index])</param>
			<param name="ondown_action">Skin.SetString(Home_WidgetIndex,$VAR[Home_Next_Index])</param>
		</include>
	</control>
	<control type="group">
		<visible>Skin.IsString(Home_WidgetIndex,2)</visible>
		<include content="WidgetListPoster">
			<param name="content_path">plugin://plugin.video.aiostreams/?action=trakt_watchlist&amp;media_type=shows</param>
			<param name="widget_header">Trakt Watchlist Series</param>
			<param name="widget_target">videos</param>
			<param name="list_id">10300</param>
			<param name="onup_action">Skin.SetString(Home_WidgetIndex,$VAR[Home_Prev_Index])</param>
			<param name="ondown_action">Skin.SetString(Home_WidgetIndex,$VAR[Home_Next_Index]) + SetFocus($VAR[CurrentWidgetListID])</param>
		</include>
	</control>
</control>


<!-- Movie Widgets -->
<control type="group" id="5000">
	<bottom>100</bottom>
	<left>0</left>
	<right>0</right>
	<height>550</height>
	<visible>Skin.IsString(SideMenuFocus,movies)</visible>
	<control type="image">
		<width>300</width>
		<height>100</height>
		<texture colordiffuse="FF00FF00">icons/sidemenu/home_white.png</texture>
		<zorder>1000</zorder>
	</control>

	<!-- <include content="Visible_Right_Delayed"><param name="id">movies</param></include> -->

	<control type="group">
		<visible>Skin.IsString(Movies_WidgetIndex,0)</visible>
		<include content="WidgetListPoster">
			<param name="content_path">plugin://plugin.video.aiostreams/?action=smart_widget&amp;index=$VAR[MovieRow1IndexVar]&amp;content_type=movie</param>
			<param name="widget_header">$INFO[Window(Home).Property(movie_catalog_0_name)]</param>
			<param name="widget_target">videos</param>
			<param name="list_id">5100</param>
			<param name="onup_action">Skin.SetString(Movies_WidgetIndex,$VAR[Movies_Prev_Index])</param>
			<param name="ondown_action">Skin.SetString(Movies_WidgetIndex,$VAR[Movies_Next_Index])</param>
		</include>
	</control>
	<control type="group">
		<visible>Skin.IsString(Movies_WidgetIndex,1)</visible>
		<include content="WidgetListPoster">
			<param name="content_path">plugin://plugin.video.aiostreams/?action=smart_widget&amp;index=$VAR[MovieRow2IndexVar]&amp;content_type=movie</param>
			<param name="widget_header">$INFO[Window(Home).Property(movie_catalog_1_name)]</param>
			<param name="widget_target">videos</param>
			<param name="list_id">5200</param>
			<param name="onup_action">Skin.SetString(Movies_WidgetIndex,$VAR[Movies_Prev_Index])</param>
			<param name="ondown_action">Skin.SetString(Movies_WidgetIndex,$VAR[Movies_Next_Index])</param>
		</include>
	</control>
	<control type="group">
		<visible>Skin.IsString(Movies_WidgetIndex,2)</visible>
		<include content="WidgetListPoster">
			<param name="content_path">plugin://plugin.video.aiostreams/?action=smart_widget&amp;index=$VAR[MovieRow3IndexVar]&amp;content_type=movie</param>
			<param name="widget_header">$INFO[Window(Home).Property(movie_catalog_2_name)]</param>
			<param name="widget_target">videos</param>
			<param name="list_id">5300</param>
			<param name="onup_action">Skin.SetString(Movies_WidgetIndex,$VAR[Movies_Prev_Index])</param>
			<param name="ondown_action">Skin.SetString(Movies_WidgetIndex,$VAR[Movies_Next_Index])</param>
		</include>
	</control>
	<control type="group">
		<visible>Skin.IsString(Movies_WidgetIndex,3)</visible>
		<include content="WidgetListPoster">
			<param name="content_path">plugin://plugin.video.aiostreams/?action=smart_widget&amp;index=$VAR[MovieRow4IndexVar]&amp;content_type=movie</param>
			<param name="widget_header">$INFO[Window(Home).Property(movie_catalog_3_name)]</param>
			<param name="widget_target">videos</param>
			<param name="list_id">5400</param>
			<param name="onup_action">Skin.SetString(Movies_WidgetIndex,$VAR[Movies_Prev_Index])</param>
			<param name="ondown_action">Skin.SetString(Movies_WidgetIndex,$VAR[Movies_Next_Index])</param>
		</include>
	</control>
</control>

</control> <!-- Close Group 2000 -->
</control> <!-- Close Group 88 -->

<include content="BottomBar" />
<control type="group">
<depth>DepthBars</depth>
<bottom>0</bottom>
<height>70</height>
<include condition="!Skin.HasSetting(hide_mediaflags)" content="MediaFlags">
<param name="infolabel_prefix" value="Container." />
<param name="resolution_var" value="$VAR[ContainerResolutionFlagVar]" />
</include>
</control>
<include content="TopBar">
<param name="breadcrumbs_label" value="" />
</include>

<!-- Settings Submenu -->
<control type="group">
	<left>130</left>
	<bottom>100</bottom>
	<width>300</width>
	<height>120</height>
	<visible>Control.HasFocus(9010) | Control.HasFocus(9011)</visible>
	<animation effect="fade" start="0" end="100" time="200">Visible</animation>
	<animation effect="slide" start="-50,0" end="0,0" time="300" tween="cubic" easing="out">Visible</animation>
	<animation effect="fade" start="100" end="0" time="200">Hidden</animation>
	
	<control type="image">
		<width>300</width>
		<height>120</height>
		<texture colordiffuse="E6000000">colors/white.png</texture>
	</control>
	
	<control type="grouplist" id="9101">
		<left>10</left>
		<top>10</top>
		<width>280</width>
		<height>100</height>
		<onright>9008</onright>
		<onback>9008</onback>
		<control type="button" id="9010">
			<width>280</width>
			<height>50</height>
			<font>font13</font>
			<label>Reload Skin</label>
			<textcolor>white</textcolor>
			<focusedcolor>red</focusedcolor>
			<texturefocus />
			<texturenofocus />
			<onclick>ReloadSkin()</onclick>
		</control>
		<control type="button" id="9011">
			<width>280</width>
			<height>50</height>
			<font>font13</font>
			<label>Exit AIODI</label>
			<textcolor>white</textcolor>
			<focusedcolor>red</focusedcolor>
			<texturefocus />
			<texturenofocus />
			<onclick>Quit()</onclick>
		</control>
	</control>
</control>


<!-- ========== TV SHOWS WIDGETS (20 ROWS) ========== -->
<control type="group" id="6000">
	<visible>String.IsEqual(Skin.String(SideMenuFocus),tvshows)</visible>
	<left>300</left>
	<top>100</top>
	<width>1600</width>
	<height>900</height>
	<zorder>20</zorder>

	<!-- Row 1 -->
	<control type="group">
		<left>0</left>
		<top>0</top>
		<width>1300</width>
		<height>1200</height>
		<visible>String.IsEqual(Skin.String(TV_WidgetIndex),0)</visible>
		<include content="WidgetListPoster_Stable">
			<param name="content_path">plugin://plugin.video.aiostreams/?action=smart_widget&amp;index=0&amp;content_type=series</param>
			<param name="widget_header">Series Row 1</param>
			<param name="widget_target">videos</param>
			<param name="list_id">6100</param>
			<param name="onup_action">Skin.SetString(TV_WidgetIndex,$VAR[TV_Prev_Index])</param>
			<param name="ondown_action">Skin.SetString(TV_WidgetIndex,$VAR[TV_Next_Index])</param>
		</include>
	</control>

	<!-- Row 2 -->
	<control type="group">
		<left>0</left>
		<top>0</top>
		<width>1300</width>
		<height>1200</height>
		<visible>String.IsEqual(Skin.String(TV_WidgetIndex),1)</visible>
		<include content="WidgetListPoster_Stable">
			<param name="content_path">plugin://plugin.video.aiostreams/?action=smart_widget&amp;index=1&amp;content_type=series</param>
			<param name="widget_header">Series Row 2</param>
			<param name="widget_target">videos</param>
			<param name="list_id">6110</param>
			<param name="onup_action">Skin.SetString(TV_WidgetIndex,$VAR[TV_Prev_Index])</param>
			<param name="ondown_action">Skin.SetString(TV_WidgetIndex,$VAR[TV_Next_Index])</param>
		</include>
	</control>

	<!-- Row 3 -->
	<control type="group">
		<left>0</left>
		<top>0</top>
		<width>1300</width>
		<height>1200</height>
		<visible>String.IsEqual(Skin.String(TV_WidgetIndex),2)</visible>
		<include content="WidgetListPoster_Stable">
			<param name="content_path">plugin://plugin.video.aiostreams/?action=smart_widget&amp;index=2&amp;content_type=series</param>
			<param name="widget_header">Series Row 3</param>
			<param name="widget_target">videos</param>
			<param name="list_id">6120</param>
			<param name="onup_action">Skin.SetString(TV_WidgetIndex,$VAR[TV_Prev_Index])</param>
			<param name="ondown_action">Skin.SetString(TV_WidgetIndex,$VAR[TV_Next_Index])</param>
		</include>
	</control>

	<!-- Row 4 -->
	<control type="group">
		<left>0</left>
		<top>0</top>
		<width>1300</width>
		<height>1200</height>
		<visible>String.IsEqual(Skin.String(TV_WidgetIndex),3)</visible>
		<include content="WidgetListPoster_Stable">
			<param name="content_path">plugin://plugin.video.aiostreams/?action=smart_widget&amp;index=3&amp;content_type=series</param>
			<param name="widget_header">Series Row 4</param>
			<param name="widget_target">videos</param>
			<param name="list_id">6130</param>
			<param name="onup_action">Skin.SetString(TV_WidgetIndex,$VAR[TV_Prev_Index])</param>
			<param name="ondown_action">Skin.SetString(TV_WidgetIndex,$VAR[TV_Next_Index])</param>
		</include>
	</control>

	<!-- Row 5 -->
	<control type="group">
		<left>0</left>
		<top>0</top>
		<width>1300</width>
		<height>1200</height>
		<visible>String.IsEqual(Skin.String(TV_WidgetIndex),4)</visible>
		<include content="WidgetListPoster_Stable">
			<param name="content_path">plugin://plugin.video.aiostreams/?action=smart_widget&amp;index=4&amp;content_type=series</param>
			<param name="widget_header">Series Row 5</param>
			<param name="widget_target">videos</param>
			<param name="list_id">6140</param>
			<param name="onup_action">Skin.SetString(TV_WidgetIndex,$VAR[TV_Prev_Index])</param>
			<param name="ondown_action">Skin.SetString(TV_WidgetIndex,$VAR[TV_Next_Index])</param>
		</include>
	</control>

	<!-- Row 6 -->
	<control type="group">
		<left>0</left>
		<top>0</top>
		<width>1300</width>
		<height>1200</height>
		<visible>String.IsEqual(Skin.String(TV_WidgetIndex),5)</visible>
		<include content="WidgetListPoster_Stable">
			<param name="content_path">plugin://plugin.video.aiostreams/?action=smart_widget&amp;index=5&amp;content_type=series</param>
			<param name="widget_header">Series Row 6</param>
			<param name="widget_target">videos</param>
			<param name="list_id">6150</param>
			<param name="onup_action">Skin.SetString(TV_WidgetIndex,$VAR[TV_Prev_Index])</param>
			<param name="ondown_action">Skin.SetString(TV_WidgetIndex,$VAR[TV_Next_Index])</param>
		</include>
	</control>

	<!-- Row 7 -->
	<control type="group">
		<left>0</left>
		<top>0</top>
		<width>1300</width>
		<height>1200</height>
		<visible>String.IsEqual(Skin.String(TV_WidgetIndex),6)</visible>
		<include content="WidgetListPoster_Stable">
			<param name="content_path">plugin://plugin.video.aiostreams/?action=smart_widget&amp;index=6&amp;content_type=series</param>
			<param name="widget_header">Series Row 7</param>
			<param name="widget_target">videos</param>
			<param name="list_id">6160</param>
			<param name="onup_action">Skin.SetString(TV_WidgetIndex,$VAR[TV_Prev_Index])</param>
			<param name="ondown_action">Skin.SetString(TV_WidgetIndex,$VAR[TV_Next_Index])</param>
		</include>
	</control>

	<!-- Row 8 -->
	<control type="group">
		<left>0</left>
		<top>0</top>
		<width>1300</width>
		<height>1200</height>
		<visible>String.IsEqual(Skin.String(TV_WidgetIndex),7)</visible>
		<include content="WidgetListPoster_Stable">
			<param name="content_path">plugin://plugin.video.aiostreams/?action=smart_widget&amp;index=7&amp;content_type=series</param>
			<param name="widget_header">Series Row 8</param>
			<param name="widget_target">videos</param>
			<param name="list_id">6170</param>
			<param name="onup_action">Skin.SetString(TV_WidgetIndex,$VAR[TV_Prev_Index])</param>
			<param name="ondown_action">Skin.SetString(TV_WidgetIndex,$VAR[TV_Next_Index])</param>
		</include>
	</control>

	<!-- Row 9 -->
	<control type="group">
		<left>0</left>
		<top>0</top>
		<width>1300</width>
		<height>1200</height>
		<visible>String.IsEqual(Skin.String(TV_WidgetIndex),8)</visible>
		<include content="WidgetListPoster_Stable">
			<param name="content_path">plugin://plugin.video.aiostreams/?action=smart_widget&amp;index=8&amp;content_type=series</param>
			<param name="widget_header">Series Row 9</param>
			<param name="widget_target">videos</param>
			<param name="list_id">6180</param>
			<param name="onup_action">Skin.SetString(TV_WidgetIndex,$VAR[TV_Prev_Index])</param>
			<param name="ondown_action">Skin.SetString(TV_WidgetIndex,$VAR[TV_Next_Index])</param>
		</include>
	</control>

	<!-- Row 10 -->
	<control type="group">
		<left>0</left>
		<top>0</top>
		<width>1300</width>
		<height>1200</height>
		<visible>String.IsEqual(Skin.String(TV_WidgetIndex),9)</visible>
		<include content="WidgetListPoster_Stable">
			<param name="content_path">plugin://plugin.video.aiostreams/?action=smart_widget&amp;index=9&amp;content_type=series</param>
			<param name="widget_header">Series Row 10</param>
			<param name="widget_target">videos</param>
			<param name="list_id">6190</param>
			<param name="onup_action">Skin.SetString(TV_WidgetIndex,$VAR[TV_Prev_Index])</param>
			<param name="ondown_action">Skin.SetString(TV_WidgetIndex,$VAR[TV_Next_Index])</param>
		</include>
	</control>

	<!-- Row 11 -->
	<control type="group">
		<left>0</left>
		<top>0</top>
		<width>1300</width>
		<height>1200</height>
		<visible>String.IsEqual(Skin.String(TV_WidgetIndex),10)</visible>
		<include content="WidgetListPoster_Stable">
			<param name="content_path">plugin://plugin.video.aiostreams/?action=smart_widget&amp;index=10&amp;content_type=series</param>
			<param name="widget_header">Series Row 11</param>
			<param name="widget_target">videos</param>
			<param name="list_id">6200</param>
			<param name="onup_action">Skin.SetString(TV_WidgetIndex,$VAR[TV_Prev_Index])</param>
			<param name="ondown_action">Skin.SetString(TV_WidgetIndex,$VAR[TV_Next_Index])</param>
		</include>
	</control>

	<!-- Row 12 -->
	<control type="group">
		<left>0</left>
		<top>0</top>
		<width>1300</width>
		<height>1200</height>
		<visible>String.IsEqual(Skin.String(TV_WidgetIndex),11)</visible>
		<include content="WidgetListPoster_Stable">
			<param name="content_path">plugin://plugin.video.aiostreams/?action=smart_widget&amp;index=11&amp;content_type=series</param>
			<param name="widget_header">Series Row 12</param>
			<param name="widget_target">videos</param>
			<param name="list_id">6210</param>
			<param name="onup_action">Skin.SetString(TV_WidgetIndex,$VAR[TV_Prev_Index])</param>
			<param name="ondown_action">Skin.SetString(TV_WidgetIndex,$VAR[TV_Next_Index])</param>
		</include>
	</control>

	<!-- Row 13 -->
	<control type="group">
		<left>0</left>
		<top>0</top>
		<width>1300</width>
		<height>1200</height>
		<visible>String.IsEqual(Skin.String(TV_WidgetIndex),12)</visible>
		<include content="WidgetListPoster_Stable">
			<param name="content_path">plugin://plugin.video.aiostreams/?action=smart_widget&amp;index=12&amp;content_type=series</param>
			<param name="widget_header">Series Row 13</param>
			<param name="widget_target">videos</param>
			<param name="list_id">6220</param>
			<param name="onup_action">Skin.SetString(TV_WidgetIndex,$VAR[TV_Prev_Index])</param>
			<param name="ondown_action">Skin.SetString(TV_WidgetIndex,$VAR[TV_Next_Index])</param>
		</include>
	</control>

	<!-- Row 14 -->
	<control type="group">
		<left>0</left>
		<top>0</top>
		<width>1300</width>
		<height>1200</height>
		<visible>String.IsEqual(Skin.String(TV_WidgetIndex),13)</visible>
		<include content="WidgetListPoster_Stable">
			<param name="content_path">plugin://plugin.video.aiostreams/?action=smart_widget&amp;index=13&amp;content_type=series</param>
			<param name="widget_header">Series Row 14</param>
			<param name="widget_target">videos</param>
			<param name="list_id">6230</param>
			<param name="onup_action">Skin.SetString(TV_WidgetIndex,$VAR[TV_Prev_Index])</param>
			<param name="ondown_action">Skin.SetString(TV_WidgetIndex,$VAR[TV_Next_Index])</param>
		</include>
	</control>

	<!-- Row 15 -->
	<control type="group">
		<left>0</left>
		<top>0</top>
		<width>1300</width>
		<height>1200</height>
		<visible>String.IsEqual(Skin.String(TV_WidgetIndex),14)</visible>
		<include content="WidgetListPoster_Stable">
			<param name="content_path">plugin://plugin.video.aiostreams/?action=smart_widget&amp;index=14&amp;content_type=series</param>
			<param name="widget_header">Series Row 15</param>
			<param name="widget_target">videos</param>
			<param name="list_id">6240</param>
			<param name="onup_action">Skin.SetString(TV_WidgetIndex,$VAR[TV_Prev_Index])</param>
			<param name="ondown_action">Skin.SetString(TV_WidgetIndex,$VAR[TV_Next_Index])</param>
		</include>
	</control>

	<!-- Row 16 -->
	<control type="group">
		<left>0</left>
		<top>0</top>
		<width>1300</width>
		<height>1200</height>
		<visible>String.IsEqual(Skin.String(TV_WidgetIndex),15)</visible>
		<include content="WidgetListPoster_Stable">
			<param name="content_path">plugin://plugin.video.aiostreams/?action=smart_widget&amp;index=15&amp;content_type=series</param>
			<param name="widget_header">Series Row 16</param>
			<param name="widget_target">videos</param>
			<param name="list_id">6250</param>
			<param name="onup_action">Skin.SetString(TV_WidgetIndex,$VAR[TV_Prev_Index])</param>
			<param name="ondown_action">Skin.SetString(TV_WidgetIndex,$VAR[TV_Next_Index])</param>
		</include>
	</control>

	<!-- Row 17 -->
	<control type="group">
		<left>0</left>
		<top>0</top>
		<width>1300</width>
		<height>1200</height>
		<visible>String.IsEqual(Skin.String(TV_WidgetIndex),16)</visible>
		<include content="WidgetListPoster_Stable">
			<param name="content_path">plugin://plugin.video.aiostreams/?action=smart_widget&amp;index=16&amp;content_type=series</param>
			<param name="widget_header">Series Row 17</param>
			<param name="widget_target">videos</param>
			<param name="list_id">6260</param>
			<param name="onup_action">Skin.SetString(TV_WidgetIndex,$VAR[TV_Prev_Index])</param>
			<param name="ondown_action">Skin.SetString(TV_WidgetIndex,$VAR[TV_Next_Index])</param>
		</include>
	</control>

	<!-- Row 18 -->
	<control type="group">
		<left>0</left>
		<top>0</top>
		<width>1300</width>
		<height>1200</height>
		<visible>String.IsEqual(Skin.String(TV_WidgetIndex),17)</visible>
		<include content="WidgetListPoster_Stable">
			<param name="content_path">plugin://plugin.video.aiostreams/?action=smart_widget&amp;index=17&amp;content_type=series</param>
			<param name="widget_header">Series Row 18</param>
			<param name="widget_target">videos</param>
			<param name="list_id">6270</param>
			<param name="onup_action">Skin.SetString(TV_WidgetIndex,$VAR[TV_Prev_Index])</param>
			<param name="ondown_action">Skin.SetString(TV_WidgetIndex,$VAR[TV_Next_Index])</param>
		</include>
	</control>

	<!-- Row 19 -->
	<control type="group">
		<left>0</left>
		<top>0</top>
		<width>1300</width>
		<height>1200</height>
		<visible>String.IsEqual(Skin.String(TV_WidgetIndex),18)</visible>
		<include content="WidgetListPoster_Stable">
			<param name="content_path">plugin://plugin.video.aiostreams/?action=smart_widget&amp;index=18&amp;content_type=series</param>
			<param name="widget_header">Series Row 19</param>
			<param name="widget_target">videos</param>
			<param name="list_id">6280</param>
			<param name="onup_action">Skin.SetString(TV_WidgetIndex,$VAR[TV_Prev_Index])</param>
			<param name="ondown_action">Skin.SetString(TV_WidgetIndex,$VAR[TV_Next_Index])</param>
		</include>
	</control>

	<!-- Row 20 -->
	<control type="group">
		<left>0</left>
		<top>0</top>
		<width>1300</width>
		<height>1200</height>
		<visible>String.IsEqual(Skin.String(TV_WidgetIndex),19)</visible>
		<include content="WidgetListPoster_Stable">
			<param name="content_path">plugin://plugin.video.aiostreams/?action=smart_widget&amp;index=19&amp;content_type=series</param>
			<param name="widget_header">Series Row 20</param>
			<param name="widget_target">videos</param>
			<param name="list_id">6290</param>
			<param name="onup_action">Skin.SetString(TV_WidgetIndex,$VAR[TV_Prev_Index])</param>
			<param name="ondown_action">Skin.SetString(TV_WidgetIndex,$VAR[TV_Next_Index])</param>
		</include>
	</control>
</control>


<!-- ========== MOVIES WIDGETS (20 ROWS) ========== -->
<control type="group" id="5000">
	<visible>String.IsEqual(Skin.String(SideMenuFocus),movies)</visible>
	<left>300</left>
	<top>100</top>
	<width>1600</width>
	<height>900</height>
	<zorder>20</zorder>

	<!-- Row 1 -->
	<control type="group">
		<left>0</left>
		<top>0</top>
		<width>1300</width>
		<height>1200</height>
		<visible>String.IsEqual(Skin.String(Movies_WidgetIndex),0)</visible>
		<include content="WidgetListPoster_Stable">
			<param name="content_path">plugin://plugin.video.aiostreams/?action=smart_widget&amp;index=0&amp;content_type=movie</param>
			<param name="widget_header">Movie Row 1</param>
			<param name="widget_target">videos</param>
			<param name="list_id">5100</param>
			<param name="onup_action">Skin.SetString(Movies_WidgetIndex,$VAR[Movies_Prev_Index])</param>
			<param name="ondown_action">Skin.SetString(Movies_WidgetIndex,$VAR[Movies_Next_Index])</param>
		</include>
	</control>

	<!-- Row 2 -->
	<control type="group">
		<left>0</left>
		<top>0</top>
		<width>1300</width>
		<height>1200</height>
		<visible>String.IsEqual(Skin.String(Movies_WidgetIndex),1)</visible>
		<include content="WidgetListPoster_Stable">
			<param name="content_path">plugin://plugin.video.aiostreams/?action=smart_widget&amp;index=1&amp;content_type=movie</param>
			<param name="widget_header">Movie Row 2</param>
			<param name="widget_target">videos</param>
			<param name="list_id">5110</param>
			<param name="onup_action">Skin.SetString(Movies_WidgetIndex,$VAR[Movies_Prev_Index])</param>
			<param name="ondown_action">Skin.SetString(Movies_WidgetIndex,$VAR[Movies_Next_Index])</param>
		</include>
	</control>

	<!-- Row 3 -->
	<control type="group">
		<left>0</left>
		<top>0</top>
		<width>1300</width>
		<height>1200</height>
		<visible>String.IsEqual(Skin.String(Movies_WidgetIndex),2)</visible>
		<include content="WidgetListPoster_Stable">
			<param name="content_path">plugin://plugin.video.aiostreams/?action=smart_widget&amp;index=2&amp;content_type=movie</param>
			<param name="widget_header">Movie Row 3</param>
			<param name="widget_target">videos</param>
			<param name="list_id">5120</param>
			<param name="onup_action">Skin.SetString(Movies_WidgetIndex,$VAR[Movies_Prev_Index])</param>
			<param name="ondown_action">Skin.SetString(Movies_WidgetIndex,$VAR[Movies_Next_Index])</param>
		</include>
	</control>

	<!-- Row 4 -->
	<control type="group">
		<left>0</left>
		<top>0</top>
		<width>1300</width>
		<height>1200</height>
		<visible>String.IsEqual(Skin.String(Movies_WidgetIndex),3)</visible>
		<include content="WidgetListPoster_Stable">
			<param name="content_path">plugin://plugin.video.aiostreams/?action=smart_widget&amp;index=3&amp;content_type=movie</param>
			<param name="widget_header">Movie Row 4</param>
			<param name="widget_target">videos</param>
			<param name="list_id">5130</param>
			<param name="onup_action">Skin.SetString(Movies_WidgetIndex,$VAR[Movies_Prev_Index])</param>
			<param name="ondown_action">Skin.SetString(Movies_WidgetIndex,$VAR[Movies_Next_Index])</param>
		</include>
	</control>

	<!-- Row 5 -->
	<control type="group">
		<left>0</left>
		<top>0</top>
		<width>1300</width>
		<height>1200</height>
		<visible>String.IsEqual(Skin.String(Movies_WidgetIndex),4)</visible>
		<include content="WidgetListPoster_Stable">
			<param name="content_path">plugin://plugin.video.aiostreams/?action=smart_widget&amp;index=4&amp;content_type=movie</param>
			<param name="widget_header">Movie Row 5</param>
			<param name="widget_target">videos</param>
			<param name="list_id">5140</param>
			<param name="onup_action">Skin.SetString(Movies_WidgetIndex,$VAR[Movies_Prev_Index])</param>
			<param name="ondown_action">Skin.SetString(Movies_WidgetIndex,$VAR[Movies_Next_Index])</param>
		</include>
	</control>

	<!-- Row 6 -->
	<control type="group">
		<left>0</left>
		<top>0</top>
		<width>1300</width>
		<height>1200</height>
		<visible>String.IsEqual(Skin.String(Movies_WidgetIndex),5)</visible>
		<include content="WidgetListPoster_Stable">
			<param name="content_path">plugin://plugin.video.aiostreams/?action=smart_widget&amp;index=5&amp;content_type=movie</param>
			<param name="widget_header">Movie Row 6</param>
			<param name="widget_target">videos</param>
			<param name="list_id">5150</param>
			<param name="onup_action">Skin.SetString(Movies_WidgetIndex,$VAR[Movies_Prev_Index])</param>
			<param name="ondown_action">Skin.SetString(Movies_WidgetIndex,$VAR[Movies_Next_Index])</param>
		</include>
	</control>

	<!-- Row 7 -->
	<control type="group">
		<left>0</left>
		<top>0</top>
		<width>1300</width>
		<height>1200</height>
		<visible>String.IsEqual(Skin.String(Movies_WidgetIndex),6)</visible>
		<include content="WidgetListPoster_Stable">
			<param name="content_path">plugin://plugin.video.aiostreams/?action=smart_widget&amp;index=6&amp;content_type=movie</param>
			<param name="widget_header">Movie Row 7</param>
			<param name="widget_target">videos</param>
			<param name="list_id">5160</param>
			<param name="onup_action">Skin.SetString(Movies_WidgetIndex,$VAR[Movies_Prev_Index])</param>
			<param name="ondown_action">Skin.SetString(Movies_WidgetIndex,$VAR[Movies_Next_Index])</param>
		</include>
	</control>

	<!-- Row 8 -->
	<control type="group">
		<left>0</left>
		<top>0</top>
		<width>1300</width>
		<height>1200</height>
		<visible>String.IsEqual(Skin.String(Movies_WidgetIndex),7)</visible>
		<include content="WidgetListPoster_Stable">
			<param name="content_path">plugin://plugin.video.aiostreams/?action=smart_widget&amp;index=7&amp;content_type=movie</param>
			<param name="widget_header">Movie Row 8</param>
			<param name="widget_target">videos</param>
			<param name="list_id">5170</param>
			<param name="onup_action">Skin.SetString(Movies_WidgetIndex,$VAR[Movies_Prev_Index])</param>
			<param name="ondown_action">Skin.SetString(Movies_WidgetIndex,$VAR[Movies_Next_Index])</param>
		</include>
	</control>

	<!-- Row 9 -->
	<control type="group">
		<left>0</left>
		<top>0</top>
		<width>1300</width>
		<height>1200</height>
		<visible>String.IsEqual(Skin.String(Movies_WidgetIndex),8)</visible>
		<include content="WidgetListPoster_Stable">
			<param name="content_path">plugin://plugin.video.aiostreams/?action=smart_widget&amp;index=8&amp;content_type=movie</param>
			<param name="widget_header">Movie Row 9</param>
			<param name="widget_target">videos</param>
			<param name="list_id">5180</param>
			<param name="onup_action">Skin.SetString(Movies_WidgetIndex,$VAR[Movies_Prev_Index])</param>
			<param name="ondown_action">Skin.SetString(Movies_WidgetIndex,$VAR[Movies_Next_Index])</param>
		</include>
	</control>

	<!-- Row 10 -->
	<control type="group">
		<left>0</left>
		<top>0</top>
		<width>1300</width>
		<height>1200</height>
		<visible>String.IsEqual(Skin.String(Movies_WidgetIndex),9)</visible>
		<include content="WidgetListPoster_Stable">
			<param name="content_path">plugin://plugin.video.aiostreams/?action=smart_widget&amp;index=9&amp;content_type=movie</param>
			<param name="widget_header">Movie Row 10</param>
			<param name="widget_target">videos</param>
			<param name="list_id">5190</param>
			<param name="onup_action">Skin.SetString(Movies_WidgetIndex,$VAR[Movies_Prev_Index])</param>
			<param name="ondown_action">Skin.SetString(Movies_WidgetIndex,$VAR[Movies_Next_Index])</param>
		</include>
	</control>

	<!-- Row 11 -->
	<control type="group">
		<left>0</left>
		<top>0</top>
		<width>1300</width>
		<height>1200</height>
		<visible>String.IsEqual(Skin.String(Movies_WidgetIndex),10)</visible>
		<include content="WidgetListPoster_Stable">
			<param name="content_path">plugin://plugin.video.aiostreams/?action=smart_widget&amp;index=10&amp;content_type=movie</param>
			<param name="widget_header">Movie Row 11</param>
			<param name="widget_target">videos</param>
			<param name="list_id">5200</param>
			<param name="onup_action">Skin.SetString(Movies_WidgetIndex,$VAR[Movies_Prev_Index])</param>
			<param name="ondown_action">Skin.SetString(Movies_WidgetIndex,$VAR[Movies_Next_Index])</param>
		</include>
	</control>

	<!-- Row 12 -->
	<control type="group">
		<left>0</left>
		<top>0</top>
		<width>1300</width>
		<height>1200</height>
		<visible>String.IsEqual(Skin.String(Movies_WidgetIndex),11)</visible>
		<include content="WidgetListPoster_Stable">
			<param name="content_path">plugin://plugin.video.aiostreams/?action=smart_widget&amp;index=11&amp;content_type=movie</param>
			<param name="widget_header">Movie Row 12</param>
			<param name="widget_target">videos</param>
			<param name="list_id">5210</param>
			<param name="onup_action">Skin.SetString(Movies_WidgetIndex,$VAR[Movies_Prev_Index])</param>
			<param name="ondown_action">Skin.SetString(Movies_WidgetIndex,$VAR[Movies_Next_Index])</param>
		</include>
	</control>

	<!-- Row 13 -->
	<control type="group">
		<left>0</left>
		<top>0</top>
		<width>1300</width>
		<height>1200</height>
		<visible>String.IsEqual(Skin.String(Movies_WidgetIndex),12)</visible>
		<include content="WidgetListPoster_Stable">
			<param name="content_path">plugin://plugin.video.aiostreams/?action=smart_widget&amp;index=12&amp;content_type=movie</param>
			<param name="widget_header">Movie Row 13</param>
			<param name="widget_target">videos</param>
			<param name="list_id">5220</param>
			<param name="onup_action">Skin.SetString(Movies_WidgetIndex,$VAR[Movies_Prev_Index])</param>
			<param name="ondown_action">Skin.SetString(Movies_WidgetIndex,$VAR[Movies_Next_Index])</param>
		</include>
	</control>

	<!-- Row 14 -->
	<control type="group">
		<left>0</left>
		<top>0</top>
		<width>1300</width>
		<height>1200</height>
		<visible>String.IsEqual(Skin.String(Movies_WidgetIndex),13)</visible>
		<include content="WidgetListPoster_Stable">
			<param name="content_path">plugin://plugin.video.aiostreams/?action=smart_widget&amp;index=13&amp;content_type=movie</param>
			<param name="widget_header">Movie Row 14</param>
			<param name="widget_target">videos</param>
			<param name="list_id">5230</param>
			<param name="onup_action">Skin.SetString(Movies_WidgetIndex,$VAR[Movies_Prev_Index])</param>
			<param name="ondown_action">Skin.SetString(Movies_WidgetIndex,$VAR[Movies_Next_Index])</param>
		</include>
	</control>

	<!-- Row 15 -->
	<control type="group">
		<left>0</left>
		<top>0</top>
		<width>1300</width>
		<height>1200</height>
		<visible>String.IsEqual(Skin.String(Movies_WidgetIndex),14)</visible>
		<include content="WidgetListPoster_Stable">
			<param name="content_path">plugin://plugin.video.aiostreams/?action=smart_widget&amp;index=14&amp;content_type=movie</param>
			<param name="widget_header">Movie Row 15</param>
			<param name="widget_target">videos</param>
			<param name="list_id">5240</param>
			<param name="onup_action">Skin.SetString(Movies_WidgetIndex,$VAR[Movies_Prev_Index])</param>
			<param name="ondown_action">Skin.SetString(Movies_WidgetIndex,$VAR[Movies_Next_Index])</param>
		</include>
	</control>

	<!-- Row 16 -->
	<control type="group">
		<left>0</left>
		<top>0</top>
		<width>1300</width>
		<height>1200</height>
		<visible>String.IsEqual(Skin.String(Movies_WidgetIndex),15)</visible>
		<include content="WidgetListPoster_Stable">
			<param name="content_path">plugin://plugin.video.aiostreams/?action=smart_widget&amp;index=15&amp;content_type=movie</param>
			<param name="widget_header">Movie Row 16</param>
			<param name="widget_target">videos</param>
			<param name="list_id">5250</param>
			<param name="onup_action">Skin.SetString(Movies_WidgetIndex,$VAR[Movies_Prev_Index])</param>
			<param name="ondown_action">Skin.SetString(Movies_WidgetIndex,$VAR[Movies_Next_Index])</param>
		</include>
	</control>

	<!-- Row 17 -->
	<control type="group">
		<left>0</left>
		<top>0</top>
		<width>1300</width>
		<height>1200</height>
		<visible>String.IsEqual(Skin.String(Movies_WidgetIndex),16)</visible>
		<include content="WidgetListPoster_Stable">
			<param name="content_path">plugin://plugin.video.aiostreams/?action=smart_widget&amp;index=16&amp;content_type=movie</param>
			<param name="widget_header">Movie Row 17</param>
			<param name="widget_target">videos</param>
			<param name="list_id">5260</param>
			<param name="onup_action">Skin.SetString(Movies_WidgetIndex,$VAR[Movies_Prev_Index])</param>
			<param name="ondown_action">Skin.SetString(Movies_WidgetIndex,$VAR[Movies_Next_Index])</param>
		</include>
	</control>

	<!-- Row 18 -->
	<control type="group">
		<left>0</left>
		<top>0</top>
		<width>1300</width>
		<height>1200</height>
		<visible>String.IsEqual(Skin.String(Movies_WidgetIndex),17)</visible>
		<include content="WidgetListPoster_Stable">
			<param name="content_path">plugin://plugin.video.aiostreams/?action=smart_widget&amp;index=17&amp;content_type=movie</param>
			<param name="widget_header">Movie Row 18</param>
			<param name="widget_target">videos</param>
			<param name="list_id">5270</param>
			<param name="onup_action">Skin.SetString(Movies_WidgetIndex,$VAR[Movies_Prev_Index])</param>
			<param name="ondown_action">Skin.SetString(Movies_WidgetIndex,$VAR[Movies_Next_Index])</param>
		</include>
	</control>

	<!-- Row 19 -->
	<control type="group">
		<left>0</left>
		<top>0</top>
		<width>1300</width>
		<height>1200</height>
		<visible>String.IsEqual(Skin.String(Movies_WidgetIndex),18)</visible>
		<include content="WidgetListPoster_Stable">
			<param name="content_path">plugin://plugin.video.aiostreams/?action=smart_widget&amp;index=18&amp;content_type=movie</param>
			<param name="widget_header">Movie Row 19</param>
			<param name="widget_target">videos</param>
			<param name="list_id">5280</param>
			<param name="onup_action">Skin.SetString(Movies_WidgetIndex,$VAR[Movies_Prev_Index])</param>
			<param name="ondown_action">Skin.SetString(Movies_WidgetIndex,$VAR[Movies_Next_Index])</param>
		</include>
	</control>

	<!-- Row 20 -->
	<control type="group">
		<left>0</left>
		<top>0</top>
		<width>1300</width>
		<height>1200</height>
		<visible>String.IsEqual(Skin.String(Movies_WidgetIndex),19)</visible>
		<include content="WidgetListPoster_Stable">
			<param name="content_path">plugin://plugin.video.aiostreams/?action=smart_widget&amp;index=19&amp;content_type=movie</param>
			<param name="widget_header">Movie Row 20</param>
			<param name="widget_target">videos</param>
			<param name="list_id">5290</param>
			<param name="onup_action">Skin.SetString(Movies_WidgetIndex,$VAR[Movies_Prev_Index])</param>
			<param name="ondown_action">Skin.SetString(Movies_WidgetIndex,$VAR[Movies_Next_Index])</param>
		</include>
	</control>
</control>


<!-- ========== HOME WIDGETS (3 ROWS) ========== -->
<control type="group" id="10000">
	<visible>String.IsEqual(Skin.String(SideMenuFocus),home)</visible>
	<left>300</left>
	<top>100</top>
	<width>1600</width>
	<height>900</height>
	<zorder>20</zorder>

	<!-- Row 1: Next Up - Trakt -->
	<control type="group">
		<left>0</left>
		<top>0</top>
		<width>1300</width>
		<height>1200</height>
		<visible>String.IsEqual(Skin.String(Home_WidgetIndex),0)</visible>
		<include content="WidgetListPoster_Stable">
			<param name="content_path">plugin://plugin.video.aiostreams/?action=smart_widget&amp;index=0&amp;content_type=home</param>
			<param name="widget_header">Next Up - Trakt</param>
			<param name="widget_target">videos</param>
			<param name="list_id">10100</param>
			<param name="onup_action">Skin.SetString(Home_WidgetIndex,$VAR[Home_Prev_Index])</param>
			<param name="ondown_action">Skin.SetString(Home_WidgetIndex,$VAR[Home_Next_Index])</param>
		</include>
	</control>

	<!-- Row 2: Series Watchlist - Trakt -->
	<control type="group">
		<left>0</left>
		<top>0</top>
		<width>1300</width>
		<height>1200</height>
		<visible>String.IsEqual(Skin.String(Home_WidgetIndex),1)</visible>
		<include content="WidgetListPoster_Stable">
			<param name="content_path">plugin://plugin.video.aiostreams/?action=smart_widget&amp;index=1&amp;content_type=home</param>
			<param name="widget_header">Series Watchlist - Trakt</param>
			<param name="widget_target">videos</param>
			<param name="list_id">10200</param>
			<param name="onup_action">Skin.SetString(Home_WidgetIndex,$VAR[Home_Prev_Index])</param>
			<param name="ondown_action">Skin.SetString(Home_WidgetIndex,$VAR[Home_Next_Index])</param>
		</include>
	</control>

	<!-- Row 3: Movie Watchlist - Trakt -->
	<control type="group">
		<left>0</left>
		<top>0</top>
		<width>1300</width>
		<height>1200</height>
		<visible>String.IsEqual(Skin.String(Home_WidgetIndex),2)</visible>
		<include content="WidgetListPoster_Stable">
			<param name="content_path">plugin://plugin.video.aiostreams/?action=smart_widget&amp;index=2&amp;content_type=home</param>
			<param name="widget_header">Movie Watchlist - Trakt</param>
			<param name="widget_target">videos</param>
			<param name="list_id">10300</param>
			<param name="onup_action">Skin.SetString(Home_WidgetIndex,$VAR[Home_Prev_Index])</param>
			<param name="ondown_action">Skin.SetString(Home_WidgetIndex,$VAR[Home_Next_Index])</param>
		</include>
	</control>
</control>


	<!-- TOP LAYER DIAGNOSTICS v6.0.144 -->
</controls>
</window>



