<?xml version="1.0" encoding="UTF-8"?>
<fonts>
    <fontset id="Default" unicode="true">
        <!-- Main Font Family -->
        <font>
            <name>font10</name>
            <filename>NotoSans-Regular.ttf</filename>
            <size>10</size>
        </font>
        <font>
            <name>font12</name>
            <filename>NotoSans-Regular.ttf</filename>
            <size>12</size>
        </font>
        <font>
            <name>font13</name>
            <filename>NotoSans-Regular.ttf</filename>
            <size>13</size>
        </font>
        <font>
            <name>font13_title</name>
            <filename>NotoSans-Bold.ttf</filename>
            <size>13</size>
        </font>
        <font>
            <name>font20</name>
            <filename>NotoSans-Regular.ttf</filename>
            <size>20</size>
        </font>
        <font>
            <name>font27</name>
            <filename>NotoSans-Regular.ttf</filename>
            <size>27</size>
        </font>
        <font>
            <name>font30</name>
            <filename>NotoSans-Regular.ttf</filename>
            <size>30</size>
        </font>
        <font>
            <name>font37_title</name>
            <filename>NotoSans-Bold.ttf</filename>
            <size>37</size>
        </font>
        <font>
            <name>font45_title</name>
            <filename>NotoSans-Bold.ttf</filename>
            <size>45</size>
        </font>

        <!-- Special Fonts -->
        <font>
            <name>font_mainmenu</name>
            <filename>NotoSans-Bold.ttf</filename>
            <size>32</size>
        </font>
        <font>
            <name>font_breadcrumbs</name>
            <filename>NotoSans-Regular.ttf</filename>
            <size>24</size>
        </font>
    </fontset>
</fonts>
