<?xml version="1.0" encoding="UTF-8"?>
<window>
    <defaultcontrol always="true">1000</defaultcontrol>
    <controls>
        <!-- Main 4:3 Container -->
        <control type="group">
            <left>240</left>
            <top>0</top>
            <width>1440</width>
            <height>1080</height>

            <!-- Background Image -->
            <control type="image" id="100">
                <left>0</left>
                <top>0</top>
                <width>1440</width>
                <height>1080</height>
                <texture>onboarding_bg.jpg</texture>
                <aspectratio>stretch</aspectratio>
            </control>

            <!-- Columns Container -->
            <control type="group">
                <left>115</left>
                <top>440</top>
                <width>1210</width>
                <height>550</height>

                <!-- Column 1: REQUIRED -->
                <control type="grouplist" id="1000">
                    <left>-10</left>
                    <top>0</top>
                    <width>360</width>
                    <height>500</height>
                    <itemgap>10</itemgap>
                    <onright>2000</onright>
                    <ondown>9000</ondown>
                    <orientation>vertical</orientation>

                    <control type="radiobutton" id="1101">
                        <width>360</width>
                        <height>75</height>
                        <font>font12</font>
                        <label>AIOStreams plugin</label>
                        <textcolor>white</textcolor>
                        <focusedcolor>yellow</focusedcolor>
                        <textoffsetx>20</textoffsetx>
                        <radioposx>260</radioposx>
                        <texturefocus border="20">buttons/focus.png</texturefocus>
                        <texturenofocus>-</texturenofocus>
                    </control>
                    <control type="radiobutton" id="1102">
                        <width>360</width>
                        <height>75</height>
                        <font>font12</font>
                        <label>Trakt integration</label>
                        <textcolor>white</textcolor>
                        <focusedcolor>yellow</focusedcolor>
                        <textoffsetx>20</textoffsetx>
                        <radioposx>260</radioposx>
                        <texturefocus border="20">buttons/focus.png</texturefocus>
                        <texturenofocus>-</texturenofocus>
                    </control>
                </control>

                <!-- Column 2: SUGGESTED -->
                <control type="grouplist" id="2000">
                    <left>425</left>
                    <top>0</top>
                    <width>360</width>
                    <height>500</height>
                    <itemgap>10</itemgap>
                    <onleft>1000</onleft>
                    <onright>3000</onright>
                    <ondown>9000</ondown>
                    <orientation>vertical</orientation>

                    <control type="radiobutton" id="2101">
                        <width>360</width>
                        <height>75</height>
                        <font>font12</font>
                        <label>AIODI skin</label>
                        <textcolor>white</textcolor>
                        <focusedcolor>yellow</focusedcolor>
                        <textoffsetx>20</textoffsetx>
                        <radioposx>260</radioposx>
                        <texturefocus border="20">buttons/focus.png</texturefocus>
                        <texturenofocus>-</texturenofocus>
                    </control>
                    <control type="radiobutton" id="2102">
                        <width>360</width>
                        <height>75</height>
                        <font>font12</font>
                        <label>YouTube plugin</label>
                        <textcolor>white</textcolor>
                        <focusedcolor>yellow</focusedcolor>
                        <textoffsetx>20</textoffsetx>
                        <radioposx>260</radioposx>
                        <texturefocus border="20">buttons/focus.png</texturefocus>
                        <texturenofocus>-</texturenofocus>
                    </control>
                    <control type="radiobutton" id="2103">
                        <width>360</width>
                        <height>75</height>
                        <font>font12</font>
                        <label>NextUp Episodes</label>
                        <textcolor>white</textcolor>
                        <focusedcolor>yellow</focusedcolor>
                        <textoffsetx>20</textoffsetx>
                        <radioposx>260</radioposx>
                        <texturefocus border="20">buttons/focus.png</texturefocus>
                        <texturenofocus>-</texturenofocus>
                    </control>
                </control>

                <!-- Column 3: OPTIONAL -->
                <control type="grouplist" id="3000">
                    <left>850</left>
                    <top>0</top>
                    <width>360</width>
                    <height>500</height>
                    <itemgap>10</itemgap>
                    <onleft>2000</onleft>
                    <ondown>9000</ondown>
                    <orientation>vertical</orientation>

                    <control type="radiobutton" id="3101">
                        <width>360</width>
                        <height>75</height>
                        <font>font12</font>
                        <label>IPTV Simple Player</label>
                        <textcolor>white</textcolor>
                        <focusedcolor>yellow</focusedcolor>
                        <textoffsetx>20</textoffsetx>
                        <radioposx>260</radioposx>
                        <texturefocus border="20">buttons/focus.png</texturefocus>
                        <texturenofocus>-</texturenofocus>
                    </control>
                    <control type="radiobutton" id="3102">
                        <width>360</width>
                        <height>75</height>
                        <font>font12</font>
                        <label>IMVDb Music Videos</label>
                        <textcolor>white</textcolor>
                        <focusedcolor>yellow</focusedcolor>
                        <textoffsetx>20</textoffsetx>
                        <radioposx>260</radioposx>
                        <texturefocus border="20">buttons/focus.png</texturefocus>
                        <texturenofocus>-</texturenofocus>
                    </control>
                    <control type="radiobutton" id="3103">
                        <width>360</width>
                        <height>75</height>
                        <font>font12</font>
                        <label>TMDb Helper Players</label>
                        <textcolor>white</textcolor>
                        <focusedcolor>yellow</focusedcolor>
                        <textoffsetx>20</textoffsetx>
                        <radioposx>260</radioposx>
                        <texturefocus border="20">buttons/focus.png</texturefocus>
                        <texturenofocus>-</texturenofocus>
                    </control>
                </control>
            </control>

            <!-- Install Button -->
            <control type="button" id="9000">
                <left>520</left>
                <top>970</top>
                <width>400</width>
                <height>80</height>
                <font>font14</font>
                <label>Install Selected</label>
                <align>center</align>
                <aligny>center</aligny>
                <onup>2000</onup>
                <textcolor>white</textcolor>
                <focusedcolor>white</focusedcolor>
                <texturefocus border="10">buttons/tr_home_fo.png</texturefocus>
                <texturenofocus border="10">buttons/tr_home_nofo.png</texturenofocus>
            </control>

        </control>
    </controls>
</window>
