<?xml version="1.0"encoding="UTF-8"?>
<window>
    <include file="Includes.xml"/>
	<defaultcontrol>5</defaultcontrol>
	<include>Animation_DialogPopupOpenClose</include>
	<controls>
		<control type="group">
			<top>90</top>
			<centerleft>50%</centerleft>
			<width>1820</width>
			<include>Animation_DialogPopupVisible</include>
			<include content="DialogBackgroundCommons">
				<param name="width"value="1820"/>
				<param name="height"value="900"/>
				<param name="header_label"value=""/>
				<param name="header_id"value="2"/>
			</include>
			<control type="grouplist"id="3">
				<description>Categories Area</description>
				<left>29</left>
				<top>80</top>
				<width>400</width>
				<height>596</height>
				<itemgap>-25</itemgap>
				<orientation>vertical</orientation>
				<onleft>9000</onleft>
				<onright>5</onright>
				<onup>20</onup>
				<ondown>20</ondown>
			</control>
			<control type="button"id="10">
				<description>Default Category Button</description>
				<height>120</height>
				<width>390</width>
				<textoffsetx>20</textoffsetx>
				<align>center</align>
				<aligny>center</aligny>
				<font>font25_title</font>
				<texture></texture>
			</control>
			<control type="grouplist"id="5">
				<description>control area</description>
				<left>429</left>
				<top>100</top>
				<width>1060</width>
				<height>700</height>
				<pagecontrol>60</pagecontrol>
				<onleft>3</onleft>
				<onright>60</onright>
				<onup>5</onup>
				<ondown>5</ondown>
			</control>
			<control type="textbox"id="6">
				<description>description area</description>
				<left>50</left>
				<top>815</top>
				<right>50</right>
				<height>70</height>
				<font>font12</font>
				<align>justify</align>
				<textcolor>button_focus</textcolor>
				<autoscroll time="3000"delay="5000"repeat="5000">true</autoscroll>
			</control>
			<control type="button"id="7">
				<description>Default Button</description>
				<include>DefaultSettingButton</include>
			</control>
			<control type="radiobutton"id="8">
				<description>Default RadioButton</description>
				<include>DefaultSettingButton</include>
				<textwidth>880</textwidth>
			</control>
			<control type="spincontrolex"id="9">
				<description>Default SpinControlex</description>
				<include>DefaultSettingButton</include>
			</control>
			<control type="image"id="11">
				<description>separator image</description>
				<height>3</height>
				<texture></texture>
			</control>
			<control type="edit"id="12">
				<include>DefaultSettingButton</include>
			</control>
			<control type="sliderex"id="13">
				<description>Default Slider</description>
				<include>DefaultSettingButton</include>
				<textwidth>700</textwidth>
			</control>
			<control type="label"id="14">
				<description>Default Label</description>
				<include>DefaultSettingLabel</include>
			</control>
			<control type="colorbutton"id="15">
				<description>Default ColorButton</description>
				<include>DefaultSettingButton</include>
			</control>
			<control type="grouplist"id="9000">
				<left>1510</left>
				<top>92</top>
				<orientation>vertical</orientation>
				<width>300</width>
				<height>300</height>
				<itemgap>-10</itemgap>
				<onleft>5</onleft>
				<onright>3</onright>
				<include content="DefaultDialogButton">
					<param name="id"value="28"/>
					<param name="label"value=""/>
				</include>
				<include content="DefaultDialogButton">
					<param name="id"value="29"/>
					<param name="label"value=""/>
				</include>
				<include content="DefaultDialogButton">
					<param name="id"value="30"/>
					<param name="label"value=""/>
				</include>
			</control>
			<control type="radiobutton"id="20">
				<left>29</left>
				<top>700</top>
				<width>390</width>
				<height>120</height>
				<font>font25_title</font>
				<aligny>center</aligny>
				<onclick>SettingsLevelChange</onclick>
				<textoffsetx>100</textoffsetx>
				<textoffsety>0</textoffsety>
				<texturenofocus />
				<radioposx>40</radioposx>
				<radioposy>0</radioposy>
				<radiowidth>40</radiowidth>
				<radioheight>40</radioheight>
				<onleft>9000</onleft>
				<onright>5</onright>
				<onup>3</onup>
				<ondown>3</ondown>
				<textureradioonfocus >icons/settings.png</textureradioonfocus>
				<textureradioonnofocus >icons/settings.png</textureradioonnofocus>
				<textureradioofffocus >icons/settings.png</textureradioofffocus>
				<textureradiooffnofocus >icons/settings.png</textureradiooffnofocus>
			</control>
			<control type="scrollbar"id="60">
				<left>1489</left>
				<top>100</top>
				<width>12</width>
				<height>700</height>
				<orientation>vertical</orientation>
				<onleft>5</onleft>
				<onright>9000</onright>
				<animation type="WindowOpen"effect="fade"start="0"end="100"delay="300"time="320"/>
				<animation type="WindowClose"effect="fade"start="100"end="0"time="150"/>
			</control>
		</control>
	</controls>
</window>
