<?xml version="1.0" encoding="UTF-8"?>
<window type="dialog">
    <include file="Includes.xml"/>
    <defaultcontrol always="true">11</defaultcontrol>
    <controls>
        <!--Background -->
        <control type="image">
            <left>0</left>
            <top>0</top>
            <width>1920</width>
            <height>1080</height>
            <texture>common/white.png</texture>
            <aspectratio>stretch</aspectratio>
        </control>

        <!--Dialog Box -->
        <control type="group">
            <left>560</left>
            <top>340</top>
            <width>800</width>
            <height>400</height>

            <!--Dialog Background -->
            <control type="image">
                <left>0</left>
                <top>0</top>
                <width>800</width>
                <height>400</height>
                <texture>common/white.png</texture>
                <aspectratio>stretch</aspectratio>
            </control>

            <!--Title -->
            <control type="label" id="1">
                <left>40</left>
                <top>40</top>
                <width>720</width>
                <height>60</height>
                <font>font37_title</font>
                <textcolor>main_fg_100</textcolor>
                <align>center</align>
            </control>

            <!--Message -->
            <control type="textbox" id="9">
                <left>40</left>
                <top>120</top>
                <width>720</width>
                <height>180</height>
                <font>font27</font>
                <textcolor>main_fg_100</textcolor>
                <align>center</align>
            </control>

            <!--Yes Button -->
            <control type="button" id="11">
                <left>200</left>
                <top>320</top>
                <width>180</width>
                <height>60</height>
                <font>font30</font>
                <label>Yes</label>
                <textcolor>main_fg_100</textcolor>
                <focusedcolor>FF000000</focusedcolor>
                <align>center</align>
                <onright>10</onright>
            </control>

            <!--No Button -->
            <control type="button" id="10">
                <left>420</left>
                <top>320</top>
                <width>180</width>
                <height>60</height>
                <font>font30</font>
                <label>No</label>
                <textcolor>main_fg_100</textcolor>
                <focusedcolor>FF000000</focusedcolor>
                <align>center</align>
                <onleft>11</onleft>
            </control>
        </control>
    </controls>
</window>
