<?xml version="1.0" encoding="UTF-8"?>
<window type="dialog" id="1103">
    <include file="Includes.xml"/>
	<defaultcontrol>11</defaultcontrol>
	<include>Animation_DialogPopupOpenClose</include>
	<depth>DepthOSD+</depth>
	<controls>
		<control type="button">
			<description>background close area</description>
			<left>0</left>
			<top>0</top>
			<width>100%</width>
			<bottom>0</bottom>
			<texture>common/white.png</texture>
				<bordertexture>common/white.png</bordertexture>
				<bordersize>20</bordersize>
			</control>
			<control type="progress">
				<left>40</left>
				<top>20</top>
				<width>400</width>
				<height>112</height>
				<texturebg border="3" colordiffuse="60FFFFFF">common/white50.png</texturebg>
				<midtexture colordiffuse="button_focus">common/white.png</midtexture>
				<info>Player.Volume</info>
			</control>
			<control type="slider">
				<left>40</left>
				<top>55</top>
				<width>400</width>
				<height>40</height>
				<texturesliderbar></texturesliderbar>
				<textureslidernib></textureslidernib>
				<textureslidernibfocus></textureslidernibfocus>
				<info>Player.Volume</info>
				<action>Volume</action>
			</control>
			<control type="button">
				<left>0</left>
				<top>65</top>
				<width>28</width>
				<height>28</height>
				<texturefocus>lists/focus.png</texturefocus>
				<texturenofocus>common/white.png</texturenofocus>
				<animation type="WindowOpen" effect="zoom" start="0,100" end="100,100" delay="500" center="auto" time="200"/>
				<animation type="WindowClose" effect="zoom" start="100,100" end="0,100" center="auto" time="200"/>
				<hitrect x="-20" y="20" w="60" h="112"/>
				<onclick>Action(VolumeDown)</onclick>
			</control>
			<control type="button">
				<left>455</left>
				<top>65</top>
				<width>28</width>
				<height>28</height>
				<texturefocus>lists/focus.png</texturefocus>
				<texturenofocus>common/white.png</texturenofocus>
				<animation type="WindowOpen" effect="zoom" start="0,100" end="100,100" delay="500" center="auto" time="200"/>
				<animation type="WindowClose" effect="zoom" start="100,100" end="0,100" center="auto" time="200"/>
				<hitrect x="440" y="20" w="60" h="112"/>
				<onclick>Action(VolumeUp)</onclick>
			</control>
		</control>
	</controls>
</window>
