<?xml version="1.0" encoding="UTF-8"?>
<window>
    <include file="Includes.xml"/>
	<defaultcontrol always="true">201</defaultcontrol>
	<visible>Player.HasMedia + Window.IsActive(PlayerControls) + !Window.IsActive(FullscreenVideo) + !Window.IsActive(FullscreenGame) + !Window.IsActive(Visualisation)</visible>
	<include>Animation_DialogPopupOpenClose</include>
	<controls>
		<control type="group">
			<top>335</top>
			<centerleft>50%</centerleft>
			<width>1115</width>
			<include content="DialogBackgroundCommons">
				<param name="width" value="1115"/>
				<param name="height" value="380"/>
				<param name="header_label" value="16003"/>
				<param name="header_id" value=""/>
			</include>
			<control type="group">
				<left>20</left>
				<top>70</top>
				<control type="label">
					<top>0</top>
					<width>780</width>
					<height>40</height>
					<label>$VAR[PlayerLabel1]</label>
					<font>font45</font>
					<shadowcolor>black</shadowcolor>
					<textcolor>button_focus</textcolor>
					<scroll>true</scroll>
				</control>
				<control type="label">
					<top>56</top>
					<width>780</width>
					<height>40</height>
					<label>$VAR[PlayerLabel2]</label>
					<font>font37</font>
					<shadowcolor>black</shadowcolor>
					<textcolor>button_focus</textcolor>
					<scroll>true</scroll>
				</control>
				<control type="label">
					<top>100</top>
					<width>780</width>
					<height>40</height>
					<label>$VAR[PlayerLabel3]</label>
					<font>font37</font>
					<shadowcolor>black</shadowcolor>
					<textcolor>grey</textcolor>
					<scroll>true</scroll>
				</control>
			</control>
			<control type="group">
				<top>255</top>
				<control type="label">
					<left>800</left>
					<top>70</top>
					<width>315</width>
					<height>75</height>
					<align>center</align>
					<aligny>bottom</aligny>
					<label>$INFO[Player.Time]$INFO[Player.Duration, / ]</label>
					<font>font14</font>
					<shadowcolor>black</shadowcolor>
				</control>
				<include content="FocusableProgressBar">
					<param name="width" value="800"/>
					<param name="onunfocus_id" value="201"/>
				</include>
			</control>
			<control type="grouplist" id="201">
				<left>20</left>
				<top>290</top>
				<width>1920</width>
				<height>135</height>
				<itemgap>20</itemgap>
				<scrolltime tween="sine">200</scrolltime>
				<orientation>horizontal</orientation>
				<onup>87</onup>
				<control type="radiobutton" id="600">
					<include content="OSDButton">
						<param name="texture" value="osd/fullscreen/buttons/previous.png"/>
					</include>
					<onclick>PlayerControl(Previous)</onclick>
					<visible>!VideoPlayer.Content(livetv)</visible>
				</control>
				<control type="radiobutton" id="602">
					<texture>common/white.png</texture>
					</control>
				</control>
				<control type="radiobutton" id="607">
					<texture>common/white.png</texture>
				<bordertexture>common/white.png</bordertexture>
				<bordersize>4</bordersize>
			</control>
		</control>
	</controls>
</window>
