<?xml version="1.0" encoding="UTF-8"?>
<window>
    <include file="Includes.xml"/>
    <controls>
        <control type="image" id="1">
            <description>Pointer</description>
            <left>-10</left>
            <width>44</width>
            <height>50</height>
            <texture>common/pointer_arrow.png</texture>
        </control>
        <control type="image" id="2">
            <description>Pointer Focus</description>
            <left>-10</left>
            <width>44</width>
            <height>50</height>
            <texture>common/pointer_click.png</texture>
        </control>
        <control type="image" id="3">
            <description>Pointer Drag</description>
            <left>-10</left>
            <width>44</width>
            <height>50</height>
            <texture>common/pointer_arrow.png</texture>
        </control>
    </controls>
</window>
