<?xml version="1.0" encoding="utf-8"?>
<window>
    <include file="Includes.xml"/>
	<onload condition="!Player.PauseEnabled">SetFocus(603)</onload>
	<defaultcontrol always="true">602</defaultcontrol>
	<depth>DepthOSD</depth>
	<controls>
		<control type="button">
			<description>background close area</description>
			<left>0</left>
			<top>0</top>
			<width>100%</width>
			<bottom>280</bottom>
			<texture>common/white.png</texture>
						</control>
					</control>
					<control type="radiobutton" id="603">
						<include content="OSDButton">
							<param name="texture" value="osd/fullscreen/buttons/stop.png"/>
						</include>
						<onclick>PlayerControl(Stop)</onclick>
					</control>
					<control type="radiobutton" id="606">
						<include content="OSDButton">
							<param name="texture" value="osd/fullscreen/buttons/forward.png"/>
						</include>
						<onclick condition="Player.Paused">PlayerControl(Play)</onclick>
						<onclick condition="!Player.Paused">PlayerControl(Forward)</onclick>
						<visible>Player.SeekEnabled + !VideoPlayer.Content(livetv)</visible>
					</control>
					<control type="radiobutton" id="607">
						<include content="OSDButton">
							<param name="texture" value="osd/fullscreen/buttons/next.png"/>
						</include>
						<onclick>PlayerControl(Next)</onclick>
						<visible>Player.HasSceneMarkers | Player.ChapterCount | Integer.IsGreater(Playlist.Length(video),1) | PVR.IsTimeShift</visible>
					</control>
					<control type="radiobutton" id="608">
						<textureradioonfocus colordiffuse="white">osd/fullscreen/buttons/record-white.png</textureradioonfocus>
						<textureradioonnofocus>osd/fullscreen/buttons/record-white.png</textureradioonnofocus>
						<textureradioofffocus colordiffuse="white">osd/fullscreen/buttons/record.png</textureradioofffocus>
						<textureradiooffnofocus >osd/fullscreen/buttons/record.png</textureradiooffnofocus>
						<texturefocus>lists/focus.png</texturefocus>
						<width>76</width>
						<animation type="Focus" center="38,38" effect="zoom" end="100" reversible="false" start="95" time="480" tween="back"/>
						<height>76</height>
						<radiowidth>74</radiowidth>
						<radioheight>74</radioheight>
						<font></font>
						<texturenofocus />
						<radioposx>1</radioposx>
						<radioposy>0</radioposy>
						<selected>!PVR.IsRecordingPlayingChannel</selected>
						<onclick>PVR.ToggleRecordPlayingChannel</onclick>
						<visible>PVR.CanRecordPlayingChannel</visible>
						<visible>VideoPlayer.Content(livetv)</visible>
					</control>
				</control>
				<control type="grouplist" id="202">
					<right>20</right>
					<top>90</top>
					<width>1800</width>
					<height>135</height>
					<align>right</align>
					<itemgap>10</itemgap>
					<scrolltime tween="sine">200</scrolltime>
					<orientation>horizontal</orientation>
					<onup>87</onup>
					<ondown condition="Control.HasFocus(70043)">11104</ondown>
					<ondown condition="Control.HasFocus(704)">12104</ondown>
					<ondown condition="Control.HasFocus(255)">13103</ondown>
					<onleft>608</onleft>
					<onright>600</onright>
					<control type="radiobutton" id="804">
						<include content="OSDButton">
							<param name="texture" value="osd/fullscreen/buttons/home.png"/>
						</include>
						<onclick>PlayerControl(ShowVideoMenu)</onclick>
						<visible>VideoPlayer.HasMenu</visible>
					</control>
					<control type="radiobutton" id="70040">
						<include content="OSDButton">
							<param name="texture" value="osd/fullscreen/buttons/channels.png"/>
						</include>
						<onclick>Dialog.Close(VideoOSD)</onclick>
						<onclick>ActivateWindow(PVROSDChannels)</onclick>
						<visible>VideoPlayer.Content(livetv)</visible>
					</control>
					<control type="radiobutton" id="70041">
						<include content="OSDButton">
							<param name="texture" value="osd/fullscreen/buttons/guide.png"/>
						</include>
						<onclick>Dialog.Close(VideoOSD)</onclick>
						<onclick>ActivateWindow(pvrchannelguide)</onclick>
						<visible>VideoPlayer.Content(livetv) + VideoPlayer.HasEPG</visible>
					</control>
					<control type="radiobutton" id="70042">
						<include content="OSDButton">
							<param name="texture" value="osd/fullscreen/buttons/playlist.png"/>
						</include>
						<onclick>Dialog.Close(all, true)</onclick>
						<onclick>ActivateWindow(videoplaylist)</onclick>
						<visible>Integer.IsGreater(Playlist.Length(video),1)</visible>
					</control>
					<control type="radiobutton" id="70043">
						<include content="OSDButton">
							<param name="texture" value="osd/fullscreen/buttons/information.png"/>
						</include>
						<onclick>Info</onclick>
					</control>
					<control type="radiobutton" id="70044">
						<include content="OSDButton">
							<param name="texture" value="osd/fullscreen/buttons/bookmarks.png"/>
						</include>
						<onclick>ActivateWindow(videobookmarks)</onclick>
						<visible>!VideoPlayer.Content(livetv)</visible>
					</control>
					<control type="radiobutton" id="70045">
						<include content="OSDButton">
							<param name="texture" value="osd/fullscreen/buttons/teletext.png"/>
						</include>
						<onclick>Dialog.Close(VideoOSD)</onclick>
						<onclick>ActivateWindow(Teletext)</onclick>
						<visible>VideoPlayer.HasTeletext</visible>
					</control>
					<control type="radiobutton" id="70046">
						<include content="OSDButton">
							<param name="texture" value="osd/fullscreen/buttons/settings-subtitle.png"/>
						</include>
						<onclick>ActivateWindow(osdsubtitlesettings)</onclick>
						<visible>!VideoPlayer.Content(LiveTV) | VideoPlayer.HasSubtitles</visible>
					</control>
					<control type="radiobutton" id="70047">
						<include content="OSDButton">
							<param name="texture" value="osd/fullscreen/buttons/stereoscopic.png"/>
						</include>
						<visible>VideoPlayer.IsStereoscopic</visible>
						<onclick>SetProperty(settingslist_content,3d,home)</onclick>
						<onclick>SetProperty(settingslist_header,$LOCALIZE[36501],home)</onclick>
						<onclick>ActivateWindow(1101)</onclick>
					</control>
					<control type="radiobutton" id="70048">
						<include content="OSDButton">
							<param name="texture" value="osd/fullscreen/buttons/settings.png"/>
						</include>
						<onclick>SetProperty(settingslist_content,osd,home)</onclick>
						<onclick>SetProperty(settingslist_header,$LOCALIZE[5],home)</onclick>
						<onclick>ActivateWindow(1101)</onclick>
					</control>
				</control>
			</control>
			<control type="group" id="6000">
				<top>60</top>
				<animation type="WindowOpen" condition="!Window.IsVisible(fullscreeninfo)" reversible="False">
					<effect type="fade" start="0" end="100" time="300"/>
					<effect type="slide" start="0,200" end="0,0" time="300" tween="cubic" easing="out"/>
				</animation>
				<animation type="WindowClose" condition="!Window.IsVisible(fullscreeninfo)" reversible="False">
					<effect type="fade" start="100" end="0" time="300"/>
					<effect type="slide" start="0,0" end="0,200" time="300" tween="cubic" easing="out"/>
				</animation>
				<animation type="WindowOpen" condition="Window.IsVisible(fullscreeninfo)" reversible="False">
					<effect type="fade" start="0" end="100" time="300"/>
				</animation>
				<animation type="WindowClose" condition="Window.IsVisible(fullscreeninfo)" reversible="False">
					<effect type="fade" start="100" end="0" time="300"/>
				</animation>
				<visible>Player.SeekEnabled</visible>
				<control type="button" id="87">
					<include>HiddenObject</include>
					<onup>200</onup>
					<ondown>200</ondown>
					<onleft>StepBack</onleft>
					<onright condition="!Player.Paused">StepForward</onright>
					<onright condition="Player.Paused">PlayerControl(FrameAdvance(1))</onright>
				</control>
				<control type="slider">
					<top>-5</top>
					<left>0</left>
					<width>100%</width>
					<height>26</height>
					<texturesliderbar colordiffuse="00FFFFFF">common/nub_leftright.png</texturesliderbar>
					<textureslidernib >common/nub_leftright.png</textureslidernib>
					<textureslidernibfocus colordiffuse="button_focus">common/nub_leftright.png</textureslidernibfocus>
					<info>Player.Progress</info>
					<onup>200</onup>
					<ondown>200</ondown>
					<action>seek</action>
					<visible>!Control.HasFocus(87) + !VideoPlayer.Content(LiveTV)</visible>
				</control>
				<control type="slider">
					<top>-5</top>
					<left>0</left>
					<width>100%</width>
					<height>26</height>
					<texturesliderbar colordiffuse="00FFFFFF">common/nub_leftright.png</texturesliderbar>
					<textureslidernib colordiffuse="button_focus">common/nub_leftright.png</textureslidernib>
					<textureslidernibfocus colordiffuse="button_focus">common/nub_leftright.png</textureslidernibfocus>
					<info>Player.Progress</info>
					<onup>200</onup>
					<ondown>200</ondown>
					<action>seek</action>
					<visible>Control.HasFocus(87) + !VideoPlayer.Content(LiveTV)</visible>
				</control>
				<control type="slider">
					<top>-5</top>
					<left>0</left>
					<width>100%</width>
					<height>26</height>
					<texturesliderbar colordiffuse="00FFFFFF">common/nub_leftright.png</texturesliderbar>
					<textureslidernib >common/nub_leftright.png</textureslidernib>
					<textureslidernibfocus colordiffuse="button_focus">common/nub_leftright.png</textureslidernibfocus>
					<info>PVR.TimeshiftProgressPlayPos</info>
					<onup>200</onup>
					<ondown>200</ondown>
					<action>pvr.seek</action>
					<visible>!Control.HasFocus(87) + VideoPlayer.Content(LiveTV)</visible>
				</control>
				<control type="slider">
					<top>-5</top>
					<left>0</left>
					<width>100%</width>
					<height>26</height>
					<texturesliderbar colordiffuse="00FFFFFF">common/nub_leftright.png</texturesliderbar>
					<textureslidernib colordiffuse="button_focus">common/nub_leftright.png</textureslidernib>
					<textureslidernibfocus colordiffuse="button_focus">common/nub_leftright.png</textureslidernibfocus>
					<info>PVR.TimeshiftProgressPlayPos</info>
					<onup>200</onup>
					<ondown>200</ondown>
					<action>pvr.seek</action>
					<visible>Control.HasFocus(87) + VideoPlayer.Content(LiveTV)</visible>
				</control>
			</control>
		</control>
	</controls>
</window>
