<?xml version="1.0" encoding="UTF-8"?>
<window>
    <defaultcontrol always="true">5000</defaultcontrol>
    <controls>
        <!-- Static Background (Prevents black screen while loading) -->
        <control type="image">
            <left>0</left>
            <top>0</top>
            <width>1920</width>
            <height>1080</height>
            <texture>black-back.png</texture>
        </control>

        <!-- Background Fanart -->
        <control type="image">
            <left>0</left>
            <top>0</top>
            <width>1920</width>
            <height>1080</height>
            <aspectratio>scale</aspectratio>
            <texture>$INFO[Container(5000).ListItem.Property(fanart)]</texture>
            <fadetime>400</fadetime>
        </control>

        <!-- Dark Overlay -->
        <control type="image">
            <left>0</left>
            <top>0</top>
            <width>1920</width>
            <height>1080</height>
            <texture>black-back.png</texture>
            <colordiffuse>CCFFFFFF</colordiffuse>
        </control>

        <!-- Clearlogo in Top Left -->
        <control type="image">
            <left>80</left>
            <top>40</top>
            <width>450</width>
            <height>180</height>
            <aspectratio align="left">keep</aspectratio>
            <texture>$INFO[Container(5000).ListItem.Property(clearlogo)]</texture>
        </control>

        <!-- Main Stream List -->
        <control type="list" id="5000">
            <left>80</left>
            <top>250</top>
            <width>1100</width>
            <height>750</height>
            <onleft>5000</onleft>
            <onright>5000</onright>
            <onup>5000</onup>
            <ondown>5000</ondown>
            <pagecontrol>60</pagecontrol>
            <scrolltime tween="quadratic" easing="out">200</scrolltime>
            <!-- Ensure the list is focusable -->
            <visible>true</visible>
            
            <itemlayout height="100" width="1100">
                <control type="image">
                    <width>1080</width>
                    <height>90</height>
                    <texture border="10">button-nofocus.png</texture>
                </control>
                <control type="label">
                    <left>30</left>
                    <top>0</top>
                    <width>1000</width>
                    <height>90</height>
                    <font>font14</font>
                    <textcolor>white</textcolor>
                    <aligny>center</aligny>
                    <label>$INFO[ListItem.Label]</label>
                </control>
            </itemlayout>

            <focusedlayout height="100" width="1100">
                <control type="image">
                    <width>1080</width>
                    <height>90</height>
                    <texture border="10">button-focus.png</texture>
                    <visible>Control.HasFocus(5000)</visible>
                </control>
                <control type="label">
                    <left>30</left>
                    <top>0</top>
                    <width>1000</width>
                    <height>90</height>
                    <font>font14</font>
                    <textcolor>white</textcolor>
                    <aligny>center</aligny>
                    <label>$INFO[ListItem.Label]</label>
                    <scroll>true</scroll>
                </control>
            </focusedlayout>
        </control>

        <!-- SIDE POSTER DISPLAY -->
        <control type="group">
            <left>1250</left>
            <top>250</top>
            <control type="image">
                <width>550</width>
                <height>750</height>
                <aspectratio>keep</aspectratio>
                <texture background="true">$INFO[Container(5000).ListItem.Icon]</texture>
                <fadetime>300</fadetime>
                <bordertexture border="20">Thumbnail_Shadow.png</bordertexture>
            </control>
            
            <!-- Context Info -->
            <control type="label">
                <top>760</top>
                <width>550</width>
                <height>40</height>
                <font>font12</font>
                <align>center</align>
                <textcolor>grey2</textcolor>
                <label>$INFO[Container(5000).ListItem.Property(Debrid)] • $INFO[Container(5000).ListItem.Property(Resolution)] • $INFO[Container(5000).ListItem.Property(Size)]</label>
            </control>
        </control>

        <!-- Scrollbar -->
        <control type="scrollbar" id="60">
            <left>1185</left>
            <top>250</top>
            <width>10</width>
            <height>750</height>
            <texturesliderbackground border="0,2,0,2">ScrollBarV.png</texturesliderbackground>
            <texturesliderbar border="0,2,0,2">ScrollBarV_Focus.png</texturesliderbar>
            <onleft>5000</onleft>
            <onright>5000</onright>
            <showonepage>false</showonepage>
            <orientation>vertical</orientation>
        </control>
    </controls>
</window>