<?xml version="1.0" encoding="UTF-8"?>
<window>
	<defaultcontrol>996</defaultcontrol>
    <!-- Force Coordinate System to Top-Left 0,0 -->
    <coordinates>
        <left>0</left>
        <top>0</top>
    </coordinates>
	<controls>
		<!-- Background Dimmer -->
		<control type="image">
			<left>0</left>
			<top>0</top>
			<width>1920</width>
			<height>1080</height>
			<texture colordiffuse="C0000000">colors/black.png</texture>
			<animation effect="fade" start="0" end="100" time="200">WindowOpen</animation>
			<animation effect="fade" start="100" end="0" time="200">WindowClose</animation>
		</control>

		<!-- Right Side Panel -->
		<control type="group">
			<right>0</right>
			<top>0</top>
			<width>500</width>
			<bottom>0</bottom>
			<animation type="WindowOpen">
				<effect type="slide" start="500" end="0" time="300" tween="cubic" easing="out" />
			</animation>
			<animation type="WindowClose">
				<effect type="slide" start="0" end="500" time="300" tween="cubic" easing="in" />
			</animation>

			<include>RightSideMenuBackground</include>

            <!-- List Content -->
			<control type="grouplist" id="996">
				<description>grouplist for context buttons</description>
				<left>25</left>
				<top>50</top>
				<width>450</width>
				<height>980</height>
				<itemgap>2</itemgap>
				<onleft>Close</onleft>
				<onright>Close</onright>
                <align>center</align>
				<usecontrolcoords>true</usecontrolcoords>
			</control>
		</control>

		<!-- Button Template -->
		<control type="button" id="1000">
			<description>button template</description>
			<left>0</left>
			<top>0</top>
			<width>450</width>
			<height>65</height>
			<align>left</align>
            <textoffsetx>20</textoffsetx>
			<texturefocus colordiffuse="button_focus">lists/focus.png</texturefocus>
			<texturenofocus colordiffuse="00FFFFFF">colors/white.png</texturenofocus>
		</control>
	</controls>
</window>
