<?xml version="1.0" encoding="UTF-8"?>
<window>
	<defaultcontrol always="true">21</defaultcontrol>
	<include>Animation_DialogPopupOpenClose</include>
    <!-- Force Coordinate System to Top-Left 0,0 -->
    <coordinates>
        <left>0</left>
        <top>0</top>
    </coordinates>
	<controls>
		<!-- Background Dimmer -->
		<control type="image">
			<left>0</left>
			<top>0</top>
			<width>1920</width>
			<height>1080</height>
			<texture colordiffuse="C0000000">colors/black.png</texture>
		</control>

		<!-- Right Side Panel -->
		<control type="group">
			<left>1420</left>
			<top>0</top>
			<width>500</width>
			<height>1080</height>
			<animation type="WindowOpen">
				<effect type="slide" start="500" end="0" time="300" tween="cubic" easing="out" />
			</animation>
			<animation type="WindowClose">
				<effect type="slide" start="0" end="500" time="300" tween="cubic" easing="in" />
			</animation>

			<!-- Panel Background -->
			<control type="image">
				<left>0</left>
				<top>0</top>
				<width>500</width>
				<height>1080</height>
				<texture colordiffuse="FF1A1A1A">colors/white.png</texture>
			</control>
            
            <!-- Side Shadow -->
            <control type="image">
                <left>-5</left>
                <top>0</top>
                <width>5</width>
                <height>1080</height>
                <texture colordiffuse="FF000000">colors/white.png</texture>
            </control>

			<!-- Header -->
			<control type="label">
				<left>25</left>
				<top>40</top>
				<width>450</width>
				<height>40</height>
				<font>font13_title</font>
				<label>$LOCALIZE[31161]</label>
				<textcolor>button_focus</textcolor>
				<align>left</align>
			</control>

			<!-- Edit Text Area -->
			<control type="image">
				<left>25</left>
				<top>100</top>
				<width>450</width>
				<height>80</height>
				<texture colordiffuse="32FFFFFF" border="2">colors/white.png</texture>
			</control>
			<control type="label" id="4">
				<description>Edit Text</description>
				<left>35</left>
				<top>100</top>
				<width>430</width>
				<height>80</height>
				<font>font25</font>
				<align>center</align>
				<aligny>center</aligny>
			</control>

			<!-- Instructions/Description -->
			<control type="textbox" id="1">
				<left>25</left>
				<top>190</top>
				<width>450</width>
				<height>90</height>
				<font>font12</font>
				<textcolor>grey</textcolor>
				<align>center</align>
			</control>

			<!-- Number Pad -->
			<control type="group">
				<left>25</left>
				<top>300</top>
				
				<!-- Grid of numbers -->
				<control type="grouplist" id="4000">
					<left>0</left>
					<top>0</top>
					<width>450</width>
					<height>600</height>
					<onleft>23</onleft>
					<onright>23</onright>
					<orientation>vertical</orientation>
					<itemgap>5</itemgap>
					
					<control type="grouplist">
						<description>1 - 3 buttons</description>
						<height>110</height>
						<itemgap>5</itemgap>
						<orientation>horizontal</orientation>
						<control type="button" id="11">
							<include>KeyboardButton</include>
							<width>145</width>
							<label>$LOCALIZE[12311]</label>
							<onup>20</onup>
							<ondown>14</ondown>
						</control>
						<control type="button" id="12">
							<include>KeyboardButton</include>
							<width>145</width>
							<label>$LOCALIZE[12312]</label>
							<onup>10</onup>
							<ondown>15</ondown>
						</control>
						<control type="button" id="13">
							<include>KeyboardButton</include>
							<width>145</width>
							<label>$LOCALIZE[12313]</label>
							<onup>22</onup>
							<ondown>16</ondown>
						</control>
					</control>
					<control type="grouplist">
						<description>4 - 6 buttons</description>
						<height>110</height>
						<itemgap>5</itemgap>
						<orientation>horizontal</orientation>
						<control type="button" id="14">
							<include>KeyboardButton</include>
							<width>145</width>
							<label>$LOCALIZE[12314]</label>
							<onup>11</onup>
							<ondown>17</ondown>
						</control>
						<control type="button" id="15">
							<include>KeyboardButton</include>
							<width>145</width>
							<label>$LOCALIZE[12315]</label>
							<onup>12</onup>
							<ondown>18</ondown>
						</control>
						<control type="button" id="16">
							<include>KeyboardButton</include>
							<width>145</width>
							<label>$LOCALIZE[12316]</label>
							<onup>13</onup>
							<ondown>19</ondown>
						</control>
					</control>
					<control type="grouplist">
						<description>7 - 9 buttons</description>
						<height>110</height>
						<itemgap>5</itemgap>
						<orientation>horizontal</orientation>
						<control type="button" id="17">
							<include>KeyboardButton</include>
							<width>145</width>
							<label>$LOCALIZE[12317]</label>
							<onup>14</onup>
							<ondown>20</ondown>
						</control>
						<control type="button" id="18">
							<include>KeyboardButton</include>
							<width>145</width>
							<label>$LOCALIZE[12318]</label>
							<onup>15</onup>
							<ondown>10</ondown>
						</control>
						<control type="button" id="19">
							<include>KeyboardButton</include>
							<width>145</width>
							<label>$LOCALIZE[12319]</label>
							<onup>16</onup>
							<ondown>22</ondown>
						</control>
					</control>
					<control type="grouplist">
						<height>110</height>
						<itemgap>5</itemgap>
						<orientation>horizontal</orientation>
						<control type="radiobutton" id="20">
							<description>prev button</description>
							<width>145</width>
							<height>110</height>
							<texturefocus colordiffuse="button_focus">buttons/roundbutton-fo.png</texturefocus>
							<texturenofocus />
							<textureradioonfocus colordiffuse="FFFFFFFF">icons/keyboard/arrowleft.png</textureradioonfocus>
							<textureradioonnofocus colordiffuse="FFFFFFFF">icons/keyboard/arrowleft.png</textureradioonnofocus>
							<textureradioofffocus colordiffuse="FFFFFFFF">icons/keyboard/arrowleft.png</textureradioofffocus>
							<textureradiooffnofocus colordiffuse="FFFFFFFF">icons/keyboard/arrowleft.png</textureradiooffnofocus>
							<radioposx>55</radioposx>
							<radiowidth>36</radiowidth>
							<radioheight>36</radioheight>
							<onup>17</onup>
							<ondown>11</ondown>
						</control>
						<control type="button" id="10">
							<description>0 button</description>
							<include>KeyboardButton</include>
							<width>145</width>
							<label>$LOCALIZE[12310]</label>
							<onup>18</onup>
							<ondown>12</ondown>
						</control>
						<control type="radiobutton" id="22">
							<description>next button</description>
							<width>145</width>
							<height>110</height>
							<texturefocus colordiffuse="button_focus">buttons/roundbutton-fo.png</texturefocus>
							<texturenofocus />
							<textureradioonfocus colordiffuse="FFFFFFFF">icons/keyboard/arrowright.png</textureradioonfocus>
							<textureradioonnofocus colordiffuse="FFFFFFFF">icons/keyboard/arrowright.png</textureradioonnofocus>
							<textureradioofffocus colordiffuse="FFFFFFFF">icons/keyboard/arrowright.png</textureradioofffocus>
							<textureradiooffnofocus colordiffuse="FFFFFFFF">icons/keyboard/arrowright.png</textureradiooffnofocus>
							<radioposx>55</radioposx>
							<radiowidth>36</radiowidth>
							<radioheight>36</radioheight>
							<onup>19</onup>
							<ondown>13</ondown>
						</control>
					</control>
				</control>
				
				<!-- Action Buttons -->
				<control type="grouplist" id="9000">
					<left>0</left>
					<top>460</top>
					<width>450</width>
					<itemgap>10</itemgap>
					<onleft>4000</onleft>
					<onright>4000</onright>
					<control type="button" id="23">
						<description>Backspace button</description>
						<width>450</width>
						<height>60</height>
						<font>font12</font>
						<align>center</align>
						<aligny>center</aligny>
						<texturefocus border="40" colordiffuse="button_focus">buttons/dialogbutton-fo.png</texturefocus>
						<texturenofocus colordiffuse="71FFFFFF" border="40">buttons/button-alt-nofo.png</texturenofocus>
						<label>$LOCALIZE[20181]</label>
					</control>
					<control type="button" id="21">
						<description>Done button</description>
						<width>450</width>
						<height>60</height>
						<font>font12</font>
						<align>center</align>
						<aligny>center</aligny>
						<texturefocus border="40" colordiffuse="button_focus">buttons/dialogbutton-fo.png</texturefocus>
						<texturenofocus colordiffuse="71FFFFFF" border="40">buttons/button-alt-nofo.png</texturenofocus>
						<label>$LOCALIZE[20177]</label>
					</control>
				</control>
			</control>
		</control>
	</controls>
</window>
