<?xml version="" encoding="UTF-8"?>
<addon id="skin.aiodi" version="1.1.8" name="AIODI" provider-name="shiggsy365">
    <requires>
        <import addon="xbmc.gui" version="5.17.0"/>
    </requires>
    <extension point="xbmc.gui.skin" debugging="false">
        <res width="1920" height="1080" aspect="16:9" default="true" folder="xml"/>
    </extension>
    <extension point="xbmc.addon.metadata">
        <summary lang="en_GB">AIOStreams Integrated Dynamic Interface</summary>
        <description lang="en_GB">AIODI is a custom Kodi skin designed specifically for AIOStreams with deep integration.</description>
        <news>v1.1.8: Absolute Sync & Standalone Restoration.</news>
        <platform>all</platform>
        <license>Creative Commons Attribution Non-Commercial Share-Alike 4.0</license>
        <assets>
            <icon>icon.png</icon>
            <fanart>fanart.jpg</fanart>
        </assets>
    </extension>
</addon>