<?xml version="1.0" encoding="UTF-8"?>
<window>
<onload condition="String.IsEmpty(Skin.String(Row1Index))">Skin.SetString(Row1Index,0)</onload>
<onload condition="String.IsEmpty(Skin.String(Row2Index))">Skin.SetString(Row2Index,1)</onload>
<onload condition="String.IsEmpty(Skin.String(Row3Index))">Skin.SetString(Row3Index,2)</onload>
<onload condition="String.IsEmpty(Skin.String(Row4Index))">Skin.SetString(Row4Index,3)</onload>
<defaultcontrol>9000</defaultcontrol>
<backgroundcolor>background</backgroundcolor>
<controls>
<control type="button" id="20000">
<include>HiddenObject</include>
<onfocus>SetFocus(2000)</onfocus>
<visible allowhiddenfocus="true">Control.HasFocus(20000)</visible>
</control>
<control type="button" id="20001">
<include>HiddenObject</include>
<onfocus>SetFocus(2000)</onfocus>
<visible allowhiddenfocus="true">Control.HasFocus(20001)</visible>
</control>
<include>DefaultBackground</include>
<control type="multiimage">
<depth>DepthBackground</depth>
<include>FullScreenDimensions</include>
<aspectratio>scale</aspectratio>
<imagepath background="true" colordiffuse="bg_overlay">$VAR[HomeFanartVar]</imagepath>
<visible>!Player.HasMedia</visible>
</control>
<control type="group">
<animation effect="fade" start="100" end="0" time="200" tween="sine" condition="$EXP[infodialog_active]">Conditional</animation>

<!-- Sidebar -->
<control type="image">
<left>0</left>
<top>0</top>
<width>120</width>
<bottom>0</bottom>
<texture colordiffuse="FF000000">colors/white.png</texture>
<animation effect="slide" start="-120,0" end="0,0" time="300">WindowOpen</animation>
</control>

<control type="fixedlist" id="9000">
<left>0</left>
<top>240</top>
<width>120</width>
<bottom>-10</bottom>
<movement>7</movement>
<focusposition>0</focusposition>
<oncontextmenu>ActivateWindow(1115)</oncontextmenu>
<onrightclick>ActivateWindow(1115)</onrightclick>
<onright>SetFocus($INFO[Container(9000).ListItem.Property(menu_id)])</onright>
<focusedlayout height="95">
<control type="group">
<control type="image">
<left>0</left>
<top>0</top>
<width>120</width>
<height>95</height>
<texture colordiffuse="button_focus">lists/focus.png</texture>
</control>
<control type="image">
<left>12</left>
<top>1</top>
<width>95</width>
<height>95</height>
<texture colordiffuse="button_focus">$INFO[ListItem.Icon]</texture>
</control>
</control>
</focusedlayout>
<itemlayout height="95">
<control type="image">
<left>12</left>
<top>1</top>
<width>95</width>
<height>95</height>
<texture colordiffuse="44FFFFFF">$INFO[ListItem.Icon]</texture>
</control>
</itemlayout>
<content>
<item>
<label>$LOCALIZE[10000]</label>
<onclick>noop</onclick>
<property name="menu_id">10000</property>
<thumb>icons/sidemenu/home_svg.png</thumb>
<property name="id">home</property>
</item>
<item>
<label>[342]</label>
<onclick>ActivateWindow(Videos,videodb://movies/titles/,return)</onclick>
<property name="menu_id">5000</property>
<thumb>icons/sidemenu/movies_svg.png</thumb>
<property name="id">movies</property>
</item>
<item>
<label>[20343]</label>
<onclick>ActivateWindow(Videos,videodb://tvshows/titles/,return)</onclick>
<property name="menu_id">6000</property>
<thumb>icons/sidemenu/tv_svg.png</thumb>
<property name="id">tvshows</property>
</item>
<item>
<label>TV</label>
<onclick>ActivateWindow(TVChannels)</onclick>
<property name="menu_id">12000</property>
<thumb>icons/sidemenu/livetv_svg.png</thumb>
<property name="id">livetv</property>
</item>
<item>
<label>[2]</label>
<onclick>ActivateWindow(Music,root,return)</onclick>
<property name="menu_id">7000</property>
<thumb>icons/sidemenu/music_svg.png</thumb>
<property name="id">music</property>
</item>
<item>
<label>[5]</label>
<onclick>ActivateWindow(settings)</onclick>
<property name="menu_id">20000</property>
<thumb>icons/sidemenu/settings_svg.png</thumb>
<property name="id">settings</property>
</item>
<item>
<label>Customise AIODI</label>
<onclick>ActivateWindow(1115)</onclick>
<property name="menu_id">20000</property>
<thumb>icons/sidemenu/settings_svg.png</thumb>
<property name="id">customise</property>
</item>
</content>
</control>

<!-- Content Panels -->
<control type="group" id="2000">
<left>120</left>
<include>OpenClose_Right</include>

<!-- Home Widgets -->
<control type="group" id="10000">
					<top>650</top>
<visible>String.IsEqual(Container(9000).ListItem.Property(id),home)</visible>
<include content="Visible_Right_Delayed"><param name="id" value="home"/></include>
<control type="grouplist" id="10001">
						
<include>WidgetGroupListCommon</include>
<control type="button" id="1115">
<width>300</width>
<height>60</height>
<label>Customise this page</label>
<onclick>ActivateWindow(1115)</onclick>
<texturefocus colordiffuse="button_focus">colors/white.png</texturefocus>
<texturenofocus colordiffuse="44FFFFFF">colors/black.png</texturenofocus>
<font>font13_title</font>
<textcolor>white</textcolor>
<focusedcolor>black</focusedcolor>
<visible>!Skin.HasSetting(HideCustomiseButtons)</visible>
</control>

<control type="group">
<visible>!Skin.HasSetting(HideRow1)</visible>
<include content="WidgetListEpisodes">
<param name="content_path" value="plugin://plugin.video.aiostreams/?action=trakt_next_up"/>
<param name="widget_header" value="Trakt Next Up"/>
<param name="widget_target" value="videos"/>
<param name="list_id" value="10100"/>
</include>
</control>
<control type="group">
<visible>!Skin.HasSetting(HideRow2)</visible>
<include content="WidgetListPoster">
<param name="content_path" value="plugin://plugin.video.aiostreams/?action=trakt_watchlist&amp;media_type=movies"/>
<param name="widget_header" value="Trakt Watchlist Movies"/>
<param name="widget_target" value="videos"/>
<param name="list_id" value="10200"/>
</include>
</control>
<control type="group">
<visible>!Skin.HasSetting(HideRow3)</visible>
<include content="WidgetListPoster">
<param name="content_path" value="plugin://plugin.video.aiostreams/?action=trakt_watchlist&amp;media_type=shows"/>
<param name="widget_header" value="Trakt Watchlist Series"/>
<param name="widget_target" value="videos"/>
<param name="list_id" value="10300"/>
</include>
</control>
</control>
</control>

<!-- Movie Widgets -->
<control type="group" id="5000">
					<top>650</top>
<visible>String.IsEqual(Container(9000).ListItem.Property(id),movies)</visible>
<include content="Visible_Right_Delayed"><param name="id" value="movies"/></include>
<control type="grouplist" id="5001">
						
<include>WidgetGroupListCommon</include>
<control type="button" id="1115">
<width>300</width>
<height>60</height>
<label>Customise this page</label>
<onclick>ActivateWindow(1115)</onclick>
<texturefocus colordiffuse="button_focus">colors/white.png</texturefocus>
<texturenofocus colordiffuse="44FFFFFF">colors/black.png</texturenofocus>
<font>font13_title</font>
<textcolor>white</textcolor>
<focusedcolor>black</focusedcolor>
<visible>!Skin.HasSetting(HideCustomiseButtons)</visible>
</control>

<control type="group">
<visible>!Skin.HasSetting(HideRow1)</visible>
<include content="WidgetListPoster">
<param name="content_path" value="plugin://plugin.video.aiostreams/?action=smart_widget&amp;index=$VAR[Row1IndexVar]&amp;content_type=movie"/>
<param name="widget_header" value="$INFO[Window(Home).Property(movie_catalog_0_name)]"/>
<param name="widget_target" value="videos"/>
<param name="list_id" value="5100"/>
</include>
</control>
<control type="group">
<visible>!Skin.HasSetting(HideRow2)</visible>
<include content="WidgetListPoster">
<param name="content_path" value="plugin://plugin.video.aiostreams/?action=smart_widget&amp;index=$VAR[Row2IndexVar]&amp;content_type=movie"/>
<param name="widget_header" value="$INFO[Window(Home).Property(movie_catalog_1_name)]"/>
<param name="widget_target" value="videos"/>
<param name="list_id" value="5200"/>
</include>
</control>
<control type="group">
<visible>!Skin.HasSetting(HideRow3)</visible>
<include content="WidgetListPoster">
<param name="content_path" value="plugin://plugin.video.aiostreams/?action=smart_widget&amp;index=$VAR[Row3IndexVar]&amp;content_type=movie"/>
<param name="widget_header" value="$INFO[Window(Home).Property(movie_catalog_2_name)]"/>
<param name="widget_target" value="videos"/>
<param name="list_id" value="5300"/>
</include>
</control>
<control type="group">
<visible>!Skin.HasSetting(HideRow4)</visible>
<include content="WidgetListPoster">
<param name="content_path" value="plugin://plugin.video.aiostreams/?action=smart_widget&amp;index=$VAR[Row4IndexVar]&amp;content_type=movie"/>
<param name="widget_header" value="$INFO[Window(Home).Property(movie_catalog_3_name)]"/>
<param name="widget_target" value="videos"/>
<param name="list_id" value="5400"/>
</include>
</control>
</control>
</control>

<!-- TV Series Widgets -->
<control type="group" id="6000">
					<top>650</top>
<visible>String.IsEqual(Container(9000).ListItem.Property(id),tvshows)</visible>
<include content="Visible_Right_Delayed"><param name="id" value="tvshows"/></include>
<control type="grouplist" id="6001">
						
<include>WidgetGroupListCommon</include>
<control type="button" id="1115">
<width>300</width>
<height>60</height>
<label>Customise this page</label>
<onclick>ActivateWindow(1115)</onclick>
<texturefocus colordiffuse="button_focus">colors/white.png</texturefocus>
<texturenofocus colordiffuse="44FFFFFF">colors/black.png</texturenofocus>
<font>font13_title</font>
<textcolor>white</textcolor>
<focusedcolor>black</focusedcolor>
<visible>!Skin.HasSetting(HideCustomiseButtons)</visible>
</control>

<control type="group">
<visible>!Skin.HasSetting(HideRow1)</visible>
<include content="WidgetListPoster">
<param name="content_path" value="plugin://plugin.video.aiostreams/?action=smart_widget&amp;index=$VAR[Row1IndexVar]&amp;content_type=series"/>
<param name="widget_header" value="$INFO[Window(Home).Property(series_catalog_0_name)]"/>
<param name="widget_target" value="videos"/>
<param name="list_id" value="6100"/>
</include>
</control>
<control type="group">
<visible>!Skin.HasSetting(HideRow2)</visible>
<include content="WidgetListPoster">
<param name="content_path" value="plugin://plugin.video.aiostreams/?action=smart_widget&amp;index=$VAR[Row2IndexVar]&amp;content_type=series"/>
<param name="widget_header" value="$INFO[Window(Home).Property(series_catalog_1_name)]"/>
<param name="widget_target" value="videos"/>
<param name="list_id" value="6200"/>
</include>
</control>
<control type="group">
<visible>!Skin.HasSetting(HideRow3)</visible>
<include content="WidgetListPoster">
<param name="content_path" value="plugin://plugin.video.aiostreams/?action=smart_widget&amp;index=$VAR[Row3IndexVar]&amp;content_type=series"/>
<param name="widget_header" value="$INFO[Window(Home).Property(series_catalog_2_name)]"/>
<param name="widget_target" value="videos"/>
<param name="list_id" value="6300"/>
</include>
</control>
<control type="group">
<visible>!Skin.HasSetting(HideRow4)</visible>
<include content="WidgetListPoster">
<param name="content_path" value="plugin://plugin.video.aiostreams/?action=smart_widget&amp;index=$VAR[Row4IndexVar]&amp;content_type=series"/>
<param name="widget_header" value="$INFO[Window(Home).Property(series_catalog_3_name)]"/>
<param name="widget_target" value="videos"/>
<param name="list_id" value="6400"/>
</include>
</control>
</control>
</control>
</control>

<include>BottomBar</include>
<control type="group">
<depth>DepthBars</depth>
<bottom>0</bottom>
<height>70</height>
<include condition="!Skin.HasSetting(hide_mediaflags)" content="MediaFlags">
<param name="infolabel_prefix" value="Container." />
<param name="resolution_var" value="$VAR[ContainerResolutionFlagVar]" />
</include>
</control>
<include content="TopBar">
<param name="breadcrumbs_label" value="" />
</include>
<control type="group">
<top>30</top>
<left>90</left>
<control type="image">
<width>192</width>
<height>56</height>
<texture>special://skin/media/aiostreams_logo.png</texture>
</control>
</control>
</control>
</controls>
</window>
