<?xml version="1.0" encoding="UTF-8"?>
<window>
    <include file="Includes.xml"/>
	<defaultcontrol>5</defaultcontrol>
	<include>Animation_DialogPopupOpenClose</include>
	<controls>
		<control type="group">
			<top>105</top>
			<centerleft>50%</centerleft>
			<width>1520</width>
			<include>Animation_DialogPopupVisible</include>
			<visible>!Window.IsVisible(sliderdialog)</visible>
			<include content="DialogBackgroundCommons">
				<param name="width" value="1520"/>
				<param name="height" value="870"/>
				<param name="header_label" value=""/>
				<param name="header_id" value="2"/>
			</include>
			<control type="image">
				<left>10</left>
				<top>80</top>
				<width>1200</width>
				<height>790</height>
				<texture colordiffuse="main_bg_90">common/white.png</texture>
			</control>
			<control type="grouplist" id="5">
				<description>control area</description>
				<left>29</left>
				<top>100</top>
				<width>1160</width>
				<height>750</height>
				<pagecontrol>60</pagecontrol>
				<onleft>9000</onleft>
				<onright>60</onright>
				<onup>5</onup>
				<ondown>5</ondown>
			</control>
			<control type="button" id="7">
				<description>Default Button</description>
				<include>DefaultSettingButton</include>
			</control>
			<control type="radiobutton" id="8">
				<description>Default RadioButton</description>
				<include>DefaultSettingButton</include>
			</control>
			<control type="spincontrolex" id="9">
				<description>Default SpinControlex</description>
				<include>DefaultSettingButton</include>
			</control>
			<control type="image" id="11">
				<description>separator image</description>
				<height>3</height>
				<texture colordiffuse="main_bg_90">common/white.png</texture>
			</control>
			<control type="edit" id="12">
				<include>DefaultSettingButton</include>
			</control>
			<control type="sliderex" id="13">
				<description>Default Slider</description>
				<include>DefaultSettingButton</include>
				<textwidth>800</textwidth>
			</control>
			<control type="label" id="14">
				<description>Default Label</description>
				<include>DefaultSettingLabel</include>
			</control>
			<control type="grouplist" id="9000">
				<left>1210</left>
				<top>92</top>
				<orientation>vertical</orientation>
				<width>300</width>
				<height>250</height>
				<itemgap>-10</itemgap>
				<onleft>5</onleft>
				<onright>5</onright>
				<include content="DefaultDialogButton">
					<param name="id" value="28"/>
					<param name="label" value=""/>
				</include>
				<include content="DefaultDialogButton">
					<param name="id" value="29"/>
					<param name="label" value=""/>
				</include>
				<include content="DefaultDialogButton">
					<param name="id" value="30"/>
					<param name="label" value=""/>
				</include>
			</control>
			<control type="scrollbar" id="60">
				<left>1189</left>
				<top>100</top>
				<width>12</width>
				<height>750</height>
				<orientation>vertical</orientation>
				<onleft>5</onleft>
				<onright>9000</onright>
				<animation type="WindowOpen" effect="fade" start="0" end="100" delay="300" time="320"/>
				<animation type="WindowClose" effect="fade" start="100" end="0" time="150"/>
			</control>
		</control>
	</controls>
</window>
