<?xml version="1.0" encoding="UTF-8"?>
<includes>
	<include name="OSDButton">
		<texture colordiffuse="main_bg_90">common/white.png</texture>
			</control>
			<control type="label">
				<left>0</left>
				<textoffsetx>20</textoffsetx>
				<top>0</top>
				<width>600</width>
				<height>70</height>
				<align>center</align>
				<aligny>center</aligny>
				<textcolor>grey</textcolor>
				<label>$INFO[ListItem.Label]</label>
			</control>
		</itemlayout>
		<focusedlayout height="70" width="600">
			<control type="image">
				<left>0</left>
				<top>0</top>
				<width>600</width>
				<height>70</height>
				<texture colordiffuse="main_bg_90">common/white.png</texture>
			</control>
			<control type="image">
				<left>0</left>
				<top>0</top>
				<width>600</width>
				<height>70</height>
				<texture colordiffuse="main_bg_90">common/white.png</texture>
			</control>
			<control type="label">
				<left>0</left>
				<textoffsetx>20</textoffsetx>
				<top>0</top>
				<width>600</width>
				<height>70</height>
				<align>center</align>
				<aligny>center</aligny>
				<label>$INFO[ListItem.Label]</label>
			</control>
		</focusedlayout>
	</include>
</includes>
