<?xml version="1.0" encoding="UTF-8" standalone="yes"?>
<addon id="resource.fonts.noto-emoji" name="Noto Emoji Font" version="2.047.0" provider-name="Google">
    <requires>
        <import addon="xbmc.python" version="3.0.0"/>
    </requires>
    <extension point="xbmc.addon.metadata">
        <summary lang="en_GB">Noto Emoji font for emoji rendering in Kodi addons</summary>
        <description lang="en_GB">Google's Noto Emoji font provides comprehensive emoji character support. This resource addon makes the font available to other Kodi addons for emoji rendering in custom skins and dialogs.

Font version: 2.047
License: SIL Open Font License 1.1

Original source: https://github.com/googlefonts/noto-emoji</description>
        <platform>all</platform>
        <license>SIL Open Font License 1.1</license>
        <website>https://github.com/googlefonts/noto-emoji</website>
        <source>https://github.com/googlefonts/noto-emoji</source>
        <assets>
            <icon>icon.png</icon>
        </assets>
    </extension>
</addon>
