<?xml version="1.0" encoding="UTF-8"?>
<addon id="skin.aiodi" version="1.0.12" name="AIODI - AIOStreams Integrated Skin" provider-name="shiggsy365">
    <requires>
        <import addon="xbmc.gui" version="5.15.0"/>
    </requires>
    <extension point="xbmc.gui.skin" defaultresolution="1080i" defaultaspect="16:9">
        <res width="1920" height="1080" aspect="16:9" default="true" folder="1080i"/>
    </extension>
    <extension point="xbmc.addon.metadata">
        <summary lang="en_GB">AIOStreams Integrated Dynamic Interface</summary>
        <description lang="en_GB">AIODI is a custom Kodi skin designed specifically for AIOStreams with deep integration, dynamic widget management, and a clean Netflix-style interface. Features include customizable home widgets, Trakt integration, and seamless content browsing without navigating through addon menus.</description>
        <platform>all</platform>
        <license>Creative Commons Attribution Non-Commercial Share-Alike 4.0</license>
        <website>https://github.com/shiggsy365/AIOStreamsKODI</website>
        <source>https://github.com/shiggsy365/AIOStreamsKODI</source>
        <assets>
            <icon>resources/icon.png</icon>
            <fanart>resources/fanart.jpg</fanart>
        </assets>
    </extension>
</addon>