<?xml version="1.0" encoding="UTF-8"?>
<window>
<onload>Skin.SetString(SideMenuFocus,home)</onload>
<onload>Skin.SetString(Home_WidgetIndex,0)</onload>
<onload>Skin.SetString(Movies_WidgetIndex,0)</onload>
<onload>Skin.SetString(TV_WidgetIndex,0)</onload>
<onload>Skin.Reset(SideMenuFocus)</onload>
<onload>Skin.SetString(SideMenuFocus,home)</onload>





<defaultcontrol>9000</defaultcontrol>
<backgroundcolor>background</backgroundcolor>
<controls>
<!-- Top Layer Debug Labels moved to bottom -->

<control type="button" id="20000">
<include>HiddenObject</include>
<onfocus>SetFocus(2000)</onfocus>
<visible allowhiddenfocus="true">Control.HasFocus(20000)</visible>
</control>
<control type="button" id="20001">
<include>HiddenObject</include>
<onfocus>SetFocus(2000)</onfocus>
<visible allowhiddenfocus="true">Control.HasFocus(20001)</visible>
</control>
<include>DefaultBackground</include>
	<control type="group">
		<visible>!Player.HasMedia</visible>
		<!-- Background Fanart -->
		<control type="image">
			<depth>DepthBackground</depth>
			<include>FullScreenDimensions</include>
			<texture background="true" colordiffuse="BBFFFFFF">$VAR[CurrentWidgetFanart]</texture>
			<fadetime>600</fadetime>
			<aspectratio>scale</aspectratio>
		</control>
		
		<!-- Info Overlay -->
		<control type="group">
			<left>150</left>
			<top>120</top>
			<width>1100</width>
			<height>500</height>
			<animation effect="fade" start="0" end="100" time="400">Visible</animation>
			<animation effect="fade" start="100" end="0" time="400">Hidden</animation>

			<!-- ClearLogo -->
			<control type="image">
				<left>0</left>
				<top>0</top>
				<width>600</width>
				<height>250</height>
				<aspectratio align="left" aligny="bottom">keep</aspectratio>
				<texture>$VAR[CurrentWidgetClearLogo]</texture>
			</control>
			
			<!-- Info String -->
			<control type="label">
				<left>0</left>
				<top>260</top>
				<width>1100</width>
				<height>45</height>
				<font>font13</font>
				<textcolor>white</textcolor>
				<shadowcolor>black</shadowcolor>
				<label>$VAR[CurrentWidgetInfo]</label>
			</control>
			
			<!-- Plot -->
			<control type="textbox">
				<left>0</left>
				<top>310</top>
				<width>1100</width>
				<height>200</height>
				<font>font12</font>
				<textcolor>DDFFFFFF</textcolor>
				<shadowcolor>black</shadowcolor>
				<label>$VAR[CurrentWidgetPlot]</label>
				<align>justify</align>
				<autoscroll delay="8000" repeat="5000">true</autoscroll>
			</control>
		</control>
	</control>

<control type="group">
<!-- <animation effect="fade" start="100" end="0" time="200" tween="sine" condition="$EXP[infodialog_active]">Conditional</animation> -->


<!-- Sidebar -->
<control type="group">
	<animation effect="slide" start="-120,0" end="0,0" time="300">WindowOpen</animation>
	<control type="image">
		<left>0</left>
		<top>0</top>
		<width>120</width>
		<bottom>0</bottom>
		<texture colordiffuse="FF000000">colors/white.png</texture>
	</control>

	<!-- Top Group (Logo & Search) -->
	<control type="group">
		<top>20</top>
		<height>160</height>
		
		<!-- AIOStreams Logo -->
		<control type="button" id="9001">
			<left>10</left>
			<top>0</top>
			<width>100</width>
			<height>60</height>
			<texturefocus>special://skin/media/aiostreams_logo.png</texturefocus>
			<texturenofocus>special://skin/media/aiostreams_logo.png</texturenofocus>
			<onup>noop</onup>
			<ondown>9002</ondown>
			<onright>noop</onright>
			<onclick>ActivateWindow(Profiles)</onclick>
		</control>

		<!-- Search -->
		<control type="group">
			<top>80</top>
			<width>120</width>
			<height>85</height>
			<control type="button" id="9002">
				<width>120</width>
				<height>85</height>
				<texturefocus />
				<texturenofocus />
				<onup>9001</onup>
				<ondown>9003</ondown>
				<onright>SetFocus($VAR[CurrentWidgetListID])</onright>

				<onclick>ActivateWindow(Videos,plugin://plugin.video.aiostreams/?action=search&amp;content_type=both&amp;nonce=$VAR[SearchTimestamp],return)</onclick>
			</control>
			<control type="image">
				<left>24</left>
				<top>7</top>
				<width>71</width>
				<height>71</height>
				<texture>icons/sidemenu/search_white.png</texture>
				<visible>!Control.HasFocus(9002)</visible>
			</control>
			<control type="image">
				<left>24</left>
				<top>7</top>
				<width>71</width>
				<height>71</height>
				<texture>icons/sidemenu/search_red.png</texture>
				<visible>Control.HasFocus(9002)</visible>
			</control>
		</control>
	</control>

	<!-- Center Group (Main Menu) -->
	<control type="grouplist" id="9000">
		<left>0</left>
		<top>180</top>
		<width>120</width>
		<bottom>180</bottom>
		<align>center</align>
		<itemgap>70</itemgap>
		<onright>12000</onright>



		<!-- Home -->
		<control type="group">
			<width>120</width>
			<height>85</height>
			<control type="button" id="9003">
				<width>120</width>
				<height>85</height>
				<texturefocus />
				<texturenofocus />
				<onup>9002</onup>
				<ondown>9004</ondown>
				<onfocus>Skin.SetString(SideMenuFocus,home)</onfocus>
				<onright>SetFocus($VAR[CurrentWidgetListID])</onright>
				<onclick>ActivateWindow(Videos,plugin://plugin.video.aiostreams/,return)</onclick>

			</control>
			<control type="image">
				<left>24</left>
				<top>7</top>
				<width>71</width>
				<height>71</height>
				<texture>icons/sidemenu/home_white.png</texture>
				<visible>!Control.HasFocus(9003) + !Skin.IsString(SideMenuFocus,home)</visible>
			</control>
			<control type="image">
				<left>24</left>
				<top>7</top>
				<width>71</width>
				<height>71</height>
				<texture>icons/sidemenu/home_red.png</texture>
				<visible>Control.HasFocus(9003) | [!ControlGroup(9000).HasFocus + Skin.IsString(SideMenuFocus,home) + !ControlGroup(9100).HasFocus]</visible>
			</control>
		</control>

		<!-- TV Shows -->
		<control type="group">
			<width>120</width>
			<height>85</height>
			<control type="button" id="9004">
				<width>120</width>
				<height>85</height>
				<texturefocus />
				<texturenofocus />
				<onup>9003</onup>
				<ondown>9005</ondown>
				<onfocus>Skin.SetString(SideMenuFocus,tvshows)</onfocus>
				<onright>SetFocus($VAR[CurrentWidgetListID])</onright>

				<onclick>ActivateWindow(Videos,plugin://plugin.video.aiostreams/?action=series_lists,return)</onclick>
			</control>
			<control type="image">
				<left>24</left>
				<top>7</top>
				<width>71</width>
				<height>71</height>
				<texture>icons/sidemenu/tv_white.png</texture>
				<visible>!Control.HasFocus(9004) + !Skin.IsString(SideMenuFocus,tvshows)</visible>
			</control>
			<control type="image">
				<left>24</left>
				<top>7</top>
				<width>71</width>
				<height>71</height>
				<texture>icons/sidemenu/tv_red.png</texture>
				<visible>Control.HasFocus(9004) | [!ControlGroup(9000).HasFocus + Skin.IsString(SideMenuFocus,tvshows) + !ControlGroup(9100).HasFocus]</visible>
			</control>
		</control>

		<!-- Movies -->
		<control type="group">
			<width>120</width>
			<height>85</height>
			<control type="button" id="9005">
				<width>120</width>
				<height>85</height>
				<texturefocus />
				<texturenofocus />
				<onup>9004</onup>
				<ondown>9006</ondown>
				<onfocus>Skin.SetString(SideMenuFocus,movies)</onfocus>
				<onright>SetFocus($VAR[CurrentWidgetListID])</onright>
				<onclick>ActivateWindow(Videos,plugin://plugin.video.aiostreams/?action=movie_lists,return)</onclick>

			</control>
			<control type="image">
				<left>24</left>
				<top>7</top>
				<width>71</width>
				<height>71</height>
				<texture>icons/sidemenu/movies_white.png</texture>
				<visible>!Control.HasFocus(9005) + !Skin.IsString(SideMenuFocus,movies)</visible>
			</control>
			<control type="image">
				<left>24</left>
				<top>7</top>
				<width>71</width>
				<height>71</height>
				<texture>icons/sidemenu/movies_red.png</texture>
				<visible>Control.HasFocus(9005) | [!ControlGroup(9000).HasFocus + Skin.IsString(SideMenuFocus,movies) + !ControlGroup(9100).HasFocus]</visible>
			</control>
		</control>

		<!-- Live TV -->
		<control type="group">
			<width>120</width>
			<height>85</height>
			<control type="button" id="9006">
				<width>120</width>
				<height>85</height>
				<texturefocus />
				<texturenofocus />
				<onup>9005</onup>
				<ondown>9007</ondown>
				<onfocus>Skin.SetString(SideMenuFocus,livetv)</onfocus>
				<onclick>ActivateWindow(TVChannels)</onclick>
			</control>
			<control type="image">
				<left>24</left>
				<top>7</top>
				<width>71</width>
				<height>71</height>
				<texture>icons/sidemenu/livetv_white.png</texture>
				<visible>!Control.HasFocus(9006) + !Skin.IsString(SideMenuFocus,livetv)</visible>
			</control>
			<control type="image">
				<left>24</left>
				<top>7</top>
				<width>71</width>
				<height>71</height>
				<texture>icons/sidemenu/livetv_red.png</texture>
				<visible>Control.HasFocus(9006) | [!ControlGroup(9000).HasFocus + Skin.IsString(SideMenuFocus,livetv) + !ControlGroup(9100).HasFocus]</visible>
			</control>
		</control>

		<!-- Music -->
		<control type="group">
			<width>120</width>
			<height>85</height>
			<control type="button" id="9007">
				<width>120</width>
				<height>85</height>
				<texturefocus />
				<texturenofocus />
				<onup>9006</onup>
				<ondown>9008</ondown>
				<onfocus>Skin.SetString(SideMenuFocus,music)</onfocus>
				<onclick>ActivateWindow(Music,root,return)</onclick>
			</control>
			<control type="image">
				<left>24</left>
				<top>7</top>
				<width>71</width>
				<height>71</height>
				<texture>icons/sidemenu/music_white.png</texture>
				<visible>!Control.HasFocus(9007) + !Skin.IsString(SideMenuFocus,music)</visible>
			</control>
			<control type="image">
				<left>24</left>
				<top>7</top>
				<width>71</width>
				<height>71</height>
				<texture>icons/sidemenu/music_red.png</texture>
				<visible>Control.HasFocus(9007) | [!ControlGroup(9000).HasFocus + Skin.IsString(SideMenuFocus,music) + !ControlGroup(9100).HasFocus]</visible>
			</control>
		</control>
	</control>

	<!-- Bottom Group (Settings & Clock) -->
	<control type="group" id="9100">
		<bottom>10</bottom>
		<height>125</height>
		
		<!-- Settings -->
		<control type="group">
			<top>0</top>
			<width>120</width>
			<height>85</height>
			<control type="button" id="9008">
				<width>120</width>
				<height>85</height>
				<texturefocus />
				<texturenofocus />
				<onup>9007</onup>
				<ondown>noop</ondown>
				<onfocus>Skin.SetString(SideMenuFocus,settings)</onfocus>
				<onleft>SetFocus(9010)</onleft>
				<onright>SetFocus($VAR[CurrentWidgetListID])</onright>
				<onclick>ActivateWindow(settings)</onclick>
			</control>
			<control type="image">
				<left>24</left>
				<top>7</top>
				<width>71</width>
				<height>71</height>
				<texture>icons/sidemenu/settings_white.png</texture>
				<visible>!Control.HasFocus(9008) + !Skin.IsString(SideMenuFocus,settings)</visible>
			</control>
			<control type="image">
				<left>24</left>
				<top>7</top>
				<width>71</width>
				<height>71</height>
				<texture>icons/sidemenu/settings_red.png</texture>
				<visible>Control.HasFocus(9008) | [!ControlGroup(9000).HasFocus + Skin.IsString(SideMenuFocus,settings) + !ControlGroup(9100).HasFocus]</visible>
			</control>
		</control>

		<!-- Time -->
		<control type="label">
			<left>0</left>
			<top>85</top>
			<width>120</width>
			<height>40</height>
			<font>font12</font>
			<textcolor>#FFFFFF</textcolor>
			<align>center</align>
			<aligny>center</aligny>
			<label>$INFO[System.Time]</label>
		</control>
	</control>
</control>

<!-- Content Panels -->
<control type="group" id="2000">
<left>120</left>
<zorder>100</zorder>
<control type="image">
	<width>1800</width>
	<height>1000</height>
	<texture colordiffuse="22FFFFFF">icons/sidemenu/home_white.png</texture>
	<zorder>-1</zorder>
</control>

<!-- Home Widgets -->
<control type="group" id="11000">
	<bottom>100</bottom>
	<left>0</left>
	<right>0</right>
	<height>550</height>
	<visible>Skin.IsString(SideMenuFocus,home)</visible>
	<control type="image">
		<width>300</width>
		<height>100</height>
		<texture colordiffuse="FF0000FF">icons/sidemenu/home_white.png</texture>
		<zorder>1000</zorder>
	</control>


	<!-- <include content="Visible_Right_Delayed"><param name="id" value="home"/></include> -->

	<control type="group">
		<visible>Skin.IsString(Home_WidgetIndex,0)</visible>
		
		<include content="WidgetListEpisodes">

			<param name="content_path" value="plugin://plugin.video.aiostreams/?action=trakt_next_up"/>
			<param name="widget_header" value="Trakt Next Up"/>
			<param name="widget_target" value="videos"/>
			<param name="list_id" value="10100"/>
			<param name="onup_action" value="Skin.SetString(Home_WidgetIndex,$VAR[Home_Prev_Index])"/>
			<param name="ondown_action" value="Skin.SetString(Home_WidgetIndex,$VAR[Home_Next_Index])"/>
		</include>
	</control>
	<control type="group">
		<visible>Skin.IsString(Home_WidgetIndex,1)</visible>
		<include content="WidgetListPoster">
			<param name="content_path" value="plugin://plugin.video.aiostreams/?action=trakt_watchlist&amp;media_type=movies"/>
			<param name="widget_header" value="Trakt Watchlist Movies"/>
			<param name="widget_target" value="videos"/>
			<param name="list_id" value="10200"/>
			<param name="onup_action" value="Skin.SetString(Home_WidgetIndex,$VAR[Home_Prev_Index])"/>
			<param name="ondown_action" value="Skin.SetString(Home_WidgetIndex,$VAR[Home_Next_Index])"/>
		</include>
	</control>
	<control type="group">
		<visible>Skin.IsString(Home_WidgetIndex,2)</visible>
		<include content="WidgetListPoster">
			<param name="content_path" value="plugin://plugin.video.aiostreams/?action=trakt_watchlist&amp;media_type=shows"/>
			<param name="widget_header" value="Trakt Watchlist Series"/>
			<param name="widget_target" value="videos"/>
			<param name="list_id" value="10300"/>
			<param name="onup_action" value="Skin.SetString(Home_WidgetIndex,$VAR[Home_Prev_Index])"/>
			<param name="ondown_action" value="Skin.SetString(Home_WidgetIndex,$VAR[Home_Next_Index]) + SetFocus($VAR[CurrentWidgetListID])"/>
		</include>
	</control>
</control>


<!-- Movie Widgets -->
<control type="group" id="5000">
	<bottom>100</bottom>
	<left>0</left>
	<right>0</right>
	<height>550</height>
	<visible>Skin.IsString(SideMenuFocus,movies)</visible>
	<control type="image">
		<width>300</width>
		<height>100</height>
		<texture colordiffuse="FF00FF00">icons/sidemenu/home_white.png</texture>
		<zorder>1000</zorder>
	</control>

	<!-- <include content="Visible_Right_Delayed"><param name="id" value="movies"/></include> -->

	<control type="group">
		<visible>Skin.IsString(Movies_WidgetIndex,0)</visible>
		<include content="WidgetListPoster">
			<param name="content_path" value="plugin://plugin.video.aiostreams/?action=smart_widget&amp;index=$VAR[MovieRow1IndexVar]&amp;content_type=movie"/>
			<param name="widget_header" value="$INFO[Window(Home).Property(movie_catalog_0_name)]"/>
			<param name="widget_target" value="videos"/>
			<param name="list_id" value="5100"/>
			<param name="onup_action" value="Skin.SetString(Movies_WidgetIndex,$VAR[Movies_Prev_Index])"/>
			<param name="ondown_action" value="Skin.SetString(Movies_WidgetIndex,$VAR[Movies_Next_Index])"/>
		</include>
	</control>
	<control type="group">
		<visible>Skin.IsString(Movies_WidgetIndex,1)</visible>
		<include content="WidgetListPoster">
			<param name="content_path" value="plugin://plugin.video.aiostreams/?action=smart_widget&amp;index=$VAR[MovieRow2IndexVar]&amp;content_type=movie"/>
			<param name="widget_header" value="$INFO[Window(Home).Property(movie_catalog_1_name)]"/>
			<param name="widget_target" value="videos"/>
			<param name="list_id" value="5200"/>
			<param name="onup_action" value="Skin.SetString(Movies_WidgetIndex,$VAR[Movies_Prev_Index])"/>
			<param name="ondown_action" value="Skin.SetString(Movies_WidgetIndex,$VAR[Movies_Next_Index])"/>
		</include>
	</control>
	<control type="group">
		<visible>Skin.IsString(Movies_WidgetIndex,2)</visible>
		<include content="WidgetListPoster">
			<param name="content_path" value="plugin://plugin.video.aiostreams/?action=smart_widget&amp;index=$VAR[MovieRow3IndexVar]&amp;content_type=movie"/>
			<param name="widget_header" value="$INFO[Window(Home).Property(movie_catalog_2_name)]"/>
			<param name="widget_target" value="videos"/>
			<param name="list_id" value="5300"/>
			<param name="onup_action" value="Skin.SetString(Movies_WidgetIndex,$VAR[Movies_Prev_Index])"/>
			<param name="ondown_action" value="Skin.SetString(Movies_WidgetIndex,$VAR[Movies_Next_Index])"/>
		</include>
	</control>
	<control type="group">
		<visible>Skin.IsString(Movies_WidgetIndex,3)</visible>
		<include content="WidgetListPoster">
			<param name="content_path" value="plugin://plugin.video.aiostreams/?action=smart_widget&amp;index=$VAR[MovieRow4IndexVar]&amp;content_type=movie"/>
			<param name="widget_header" value="$INFO[Window(Home).Property(movie_catalog_3_name)]"/>
			<param name="widget_target" value="videos"/>
			<param name="list_id" value="5400"/>
			<param name="onup_action" value="Skin.SetString(Movies_WidgetIndex,$VAR[Movies_Prev_Index])"/>
			<param name="ondown_action" value="Skin.SetString(Movies_WidgetIndex,$VAR[Movies_Next_Index])"/>
		</include>
	</control>
</control>

<!-- TV Show Widgets -->
<control type="group" id="6000">
	<bottom>100</bottom>
	<left>0</left>
	<right>0</right>
	<height>550</height>
	<visible>Skin.IsString(SideMenuFocus,tvshows)</visible>

	<control type="group">
		<visible>Skin.IsString(TV_WidgetIndex,0)</visible>
		<include content="WidgetListPoster">
			<param name="content_path" value="plugin://plugin.video.aiostreams/?action=smart_widget&amp;index=$VAR[SeriesRow1IndexVar]&amp;content_type=series"/>
			<param name="widget_header" value="$INFO[Window(Home).Property(series_catalog_0_name)]"/>
			<param name="widget_target" value="videos"/>
			<param name="list_id" value="6100"/>
			<param name="onup_action" value="Skin.SetString(TV_WidgetIndex,$VAR[TV_Prev_Index])"/>
			<param name="ondown_action" value="Skin.SetString(TV_WidgetIndex,$VAR[TV_Next_Index])"/>
		</include>
	</control>
	<control type="group">
		<visible>Skin.IsString(TV_WidgetIndex,1)</visible>
		<include content="WidgetListPoster">
			<param name="content_path" value="plugin://plugin.video.aiostreams/?action=smart_widget&amp;index=$VAR[SeriesRow2IndexVar]&amp;content_type=series"/>
			<param name="widget_header" value="$INFO[Window(Home).Property(series_catalog_1_name)]"/>
			<param name="widget_target" value="videos"/>
			<param name="list_id" value="6200"/>
			<param name="onup_action" value="Skin.SetString(TV_WidgetIndex,$VAR[TV_Prev_Index])"/>
			<param name="ondown_action" value="Skin.SetString(TV_WidgetIndex,$VAR[TV_Next_Index])"/>
		</include>
	</control>
	<control type="group">
		<visible>Skin.IsString(TV_WidgetIndex,2)</visible>
		<include content="WidgetListPoster">
			<param name="content_path" value="plugin://plugin.video.aiostreams/?action=smart_widget&amp;index=$VAR[SeriesRow3IndexVar]&amp;content_type=series"/>
			<param name="widget_header" value="$INFO[Window(Home).Property(series_catalog_2_name)]"/>
			<param name="widget_target" value="videos"/>
			<param name="list_id" value="6300"/>
			<param name="onup_action" value="Skin.SetString(TV_WidgetIndex,$VAR[TV_Prev_Index])"/>
			<param name="ondown_action" value="Skin.SetString(TV_WidgetIndex,$VAR[TV_Next_Index])"/>
		</include>
	</control>
	<control type="group">
		<visible>Skin.IsString(TV_WidgetIndex,3)</visible>
		<include content="WidgetListPoster">
			<param name="content_path" value="plugin://plugin.video.aiostreams/?action=smart_widget&amp;index=$VAR[SeriesRow4IndexVar]&amp;content_type=series"/>
			<param name="widget_header" value="$INFO[Window(Home).Property(series_catalog_3_name)]"/>
			<param name="widget_target" value="videos"/>
			<param name="list_id" value="6400"/>
			<param name="onup_action" value="Skin.SetString(TV_WidgetIndex,$VAR[TV_Prev_Index])"/>
			<param name="ondown_action" value="Skin.SetString(TV_WidgetIndex,$VAR[TV_Next_Index])"/>
		</include>
	</control>
</control>

	</control>
</control>

<include>BottomBar</include>
<control type="group">
<depth>DepthBars</depth>
<bottom>0</bottom>
<height>70</height>
<include condition="!Skin.HasSetting(hide_mediaflags)" content="MediaFlags">
<param name="infolabel_prefix" value="Container." />
<param name="resolution_var" value="$VAR[ContainerResolutionFlagVar]" />
</include>
</control>
<include content="TopBar">
<param name="breadcrumbs_label" value="" />
</include>

<!-- Settings Submenu -->
<control type="group">
	<left>130</left>
	<bottom>100</bottom>
	<width>300</width>
	<height>120</height>
	<visible>Control.HasFocus(9010) | Control.HasFocus(9011)</visible>
	<animation effect="fade" start="0" end="100" time="200">Visible</animation>
	<animation effect="slide" start="-50,0" end="0,0" time="300" tween="cubic" easing="out">Visible</animation>
	<animation effect="fade" start="100" end="0" time="200">Hidden</animation>
	
	<control type="image">
		<width>300</width>
		<height>120</height>
		<texture colordiffuse="E6000000">colors/white.png</texture>
	</control>
	
	<control type="grouplist" id="9101">
		<left>10</left>
		<top>10</top>
		<width>280</width>
		<height>100</height>
		<onright>9008</onright>
		<onback>9008</onback>
		<control type="button" id="9010">
			<width>280</width>
			<height>50</height>
			<font>font13</font>
			<label>Reload Skin</label>
			<textcolor>white</textcolor>
			<focusedcolor>red</focusedcolor>
			<texturefocus />
			<texturenofocus />
			<onclick>ReloadSkin()</onclick>
		</control>
		<control type="button" id="9011">
			<width>280</width>
			<height>50</height>
			<font>font13</font>
			<label>Exit AIODI</label>
			<textcolor>white</textcolor>
			<focusedcolor>red</focusedcolor>
			<texturefocus />
			<texturenofocus />
			<onclick>Quit()</onclick>
		</control>
	</control>
</control>

	<!-- TOP LAYER DIAGNOSTICS v6.0.35 -->
	<control type="group">
		<zorder>10000</zorder>

		<!-- Labels -->
		<!-- GLOBAL TRUTH BOX: PROVES RENDERING & TEXTURE -->
		<control type="image">
			<left>0</left>
			<top>0</top>
			<width>100</width>
			<height>100</height>
			<texture colordiffuse="FFFF0000">icons/sidemenu/home_white.png</texture>
			<zorder>1000</zorder>
		</control>

		<control type="label">
			<left>150</left>
			<top>10</top>
			<width>1500</width>
			<height>30</height>
			<font>font12</font>
			<textcolor>FFFFFF00</textcolor> <!-- Hex Yellow -->
			<label>v6.0.58 | F: $INFO[Skin.String(SideMenuFocus)] | H:$INFO[Skin.String(Home_WidgetIndex)] M:$INFO[Skin.String(Movies_WidgetIndex)] T:$INFO[Skin.String(TV_WidgetIndex)]</label>
		</control>
		<control type="label">
			<left>150</left>
			<top>40</top>
			<width>1500</width>
			<height>30</height>
			<font>font12</font>
			<textcolor>FFFF0000</textcolor> <!-- Hex Red -->
			<label>TV_6100: $INFO[Container(6100).NumItems] | FOCUS: ($INFO[System.FocusedControl.ID]) $INFO[System.FocusedControl.Label] (v6.0.86)</label>
		</control>

		<control type="label">
			<left>150</left>
			<top>70</top>
			<width>1500</width>
			<height>30</height>
			<font>font12</font>
			<textcolor>FF00FF00</textcolor> <!-- Hex Green -->
			<label>TV_INDEX: $INFO[Skin.String(TV_WidgetIndex)] | ROW1_VAR: $VAR[SeriesRow1IndexVar]</label>
		</control>


		<control type="label">
			<left>150</left>
			<top>70</top>
			<width>1500</width>
			<height>30</height>
			<font>font12</font>
			<textcolor>FF00FFFF</textcolor> <!-- Hex Cyan -->
			<visible>Control.HasFocus(12001) | Control.HasFocus(12000) | Control.HasFocus(10100) | Control.HasFocus(10200) | Control.HasFocus(10300) | Control.HasFocus(6100) | Control.HasFocus(6200) | Control.HasFocus(6300) | Control.HasFocus(6400) | Control.HasFocus(5100) | Control.HasFocus(5200)</visible>
			<label>FOCUS DETECTED ON TEST OR WIDGET OBJECTS</label>
		</control>


	</control>
</controls>
</window>



