<?xml version="1.0" encoding="UTF-8"?>
<window>
    <defaultcontrol always="true">5000</defaultcontrol>

    <variables>
        <variable name="PosterTextureVar">
            <value condition="!String.IsEmpty(ListItem.Icon)">$INFO[ListItem.Icon]</value>
            <value condition="!String.IsEmpty(Window.Property(poster))">$INFO[Window.Property(poster)]</value>
            <value>DefaultVideo.png</value>
        </variable>
    </variables>

    <controls>
        <!-- 1. BACKGROUNDS -->
        <control type="image">
            <left>0</left>
            <top>0</top>
            <width>1920</width>
            <height>1080</height>
            <texture>black-back.png</texture>
        </control>

        <control type="image">
            <left>0</left>
            <top>0</top>
            <width>1920</width>
            <height>1080</height>
            <aspectratio>scale</aspectratio>
            <texture>$INFO[Window.Property(fanart)]</texture>
            <fadetime>400</fadetime>
        </control>

        <control type="image">
            <left>0</left>
            <top>0</top>
            <width>1920</width>
            <height>1080</height>
            <texture>black-back.png</texture>
            <colordiffuse>CCFFFFFF</colordiffuse>
        </control>

        <!-- 2. THE STREAM LIST -->
        <control type="list" id="5000">
            <left>60</left>
            <top>220</top>
            <width>1270</width>
            <height>820</height>
            <onleft>5000</onleft>
            <onright>5000</onright>
            <onup>5000</onup>
            <ondown>5000</ondown>
            <pagecontrol>60</pagecontrol>
            <scrolltime tween="quadratic" easing="out">200</scrolltime>
            <focusposition>0</focusposition>
            <orientation>vertical</orientation>
            
            <itemlayout height="130" width="1250">
                <control type="image">
                    <left>220</left>
                    <top>5</top>
                    <width>1100</width>
                    <height>120</height>
                    <texture>white.png</texture>
                    <colordiffuse>ff1a1a1a</colordiffuse>
                </control>
                <control type="image">
                    <left>0</left>
                    <top>5</top>
                    <width>220</width>
                    <height>120</height>
                    <texture>white.png</texture>
                    <colordiffuse>ff4d0000</colordiffuse>
                </control>
                <control type="group">
                    <left>10</left>
                    <top>5</top>
                    <control type="label">
                        <top>5</top>
                        <width>220</width>
                        <height>50</height>
                        <font>font13</font>
                        <align>left</align>
                        <label>$INFO[ListItem.Property(resolution)]</label>
                    </control>
                    <control type="label">
                        <top>50</top>
                        <width>220</width>
                        <height>30</height>
                        <font>font10</font>
                        <align>left</align>
                        <label>$INFO[ListItem.Property(service)]</label>
                    </control>
                    <control type="label">
                        <top>80</top>
                        <width>220</width>
                        <height>30</height>
                        <font>font10</font>
                        <align>left</align>
                        <label>$INFO[ListItem.Property(addon)]</label>
                    </control>
                </control>
                <control type="group">
                    <left>240</left>
                    <top>15</top>
                    <control type="label">
                        <top>0</top>
                        <width>1010</width>
                        <height>35</height>
                        <font>font10</font>
                        <textcolor>grey</textcolor>
                        <label>[COLOR white]SIZE:[/COLOR] $INFO[ListItem.Property(size)]  •  [COLOR white]PROXIED:[/COLOR] $INFO[ListItem.Property(proxied)]  •  [COLOR white]CACHED:[/COLOR] $INFO[ListItem.Property(cached)]  •  [COLOR white]IN LIBRARY:[/COLOR] $INFO[ListItem.Property(in_library)]  •  [COLOR white]DURATION:[/COLOR] $INFO[ListItem.Property(duration)]</label>
                    </control>
                    <control type="label">
                        <top>35</top>
                        <width>1010</width>
                        <height>35</height>
                        <font>font10</font>
                        <textcolor>grey</textcolor>
                        <label>[COLOR white]VIDEO:[/COLOR] $INFO[ListItem.Property(video)]  •  [COLOR white]AUDIO:[/COLOR] $INFO[ListItem.Property(audio)]  •  [COLOR white]INDEXER:[/COLOR] $INFO[ListItem.Property(indexer)]</label>
                    </control>
                    <control type="label">
                        <top>70</top>
                        <width>1010</width>
                        <height>35</height>
                        <font>font10</font>
                        <textcolor>grey</textcolor>
                        <label>[COLOR white]FILENAME:[/COLOR] $INFO[ListItem.Property(filename)]</label>
                    </control>
                </control>
            </itemlayout>

            <focusedlayout height="130" width="1250">
                <control type="image">
                    <left>220</left>
                    <top>5</top>
                    <width>1050</width>
                    <height>120</height>
                    <texture>white.png</texture>
                    <colordiffuse>ff333333</colordiffuse>
                </control>
                <control type="image">
                    <left>0</left>
                    <top>5</top>
                    <width>220</width>
                    <height>120</height>
                    <texture>white.png</texture>
                    <colordiffuse>ff800000</colordiffuse>
                </control>
                <control type="group">
                    <left>10</left>
                    <top>5</top>
                    <control type="label">
                        <top>5</top>
                        <width>220</width>
                        <height>50</height>
                        <font>font18</font>
                        <align>left</align>
                        <textcolor>white</textcolor>
                        <label>$INFO[ListItem.Property(resolution)]</label>
                    </control>
                    <control type="label">
                        <top>50</top>
                        <width>220</width>
                        <height>30</height>
                        <font>font10</font>
                        <align>left</align>
                        <textcolor>white</textcolor>
                        <label>$INFO[ListItem.Property(service)]</label>
                    </control>
                    <control type="label">
                        <top>80</top>
                        <width>220</width>
                        <height>30</height>
                        <font>font10</font>
                        <align>left</align>
                        <textcolor>white</textcolor>
                        <label>$INFO[ListItem.Property(addon)]</label>
                    </control>
                </control>
                <control type="group">
                    <left>240</left>
                    <top>15</top>
                    <control type="label">
                        <top>0</top>
                        <width>1010</width>
                        <height>35</height>
                        <font>font10</font>
                        <textcolor>white</textcolor>
                        <label>[COLOR gold]SIZE:[/COLOR] $INFO[ListItem.Property(size)]  •  [COLOR gold]PROXIED:[/COLOR] $INFO[ListItem.Property(proxied)]  •  [COLOR gold]CACHED:[/COLOR] $INFO[ListItem.Property(cached)]  •  [COLOR gold]IN LIBRARY:[/COLOR] $INFO[ListItem.Property(in_library)]  •  [COLOR gold]DURATION:[/COLOR] $INFO[ListItem.Property(duration)]</label>
                    </control>
                    <control type="label">
                        <top>35</top>
                        <width>1010</width>
                        <height>35</height>
                        <font>font10</font>
                        <textcolor>white</textcolor>
                        <label>[COLOR gold]VIDEO:[/COLOR] $INFO[ListItem.Property(video)]  •  [COLOR gold]AUDIO:[/COLOR] $INFO[ListItem.Property(audio)]  •  [COLOR gold]INDEXER:[/COLOR] $INFO[ListItem.Property(indexer)]</label>
                    </control>
                    <control type="label">
                        <top>70</top>
                        <width>1010</width>
                        <height>35</height>
                        <font>font10</font>
                        <textcolor>white</textcolor>
                        <scroll>true</scroll>
                        <label>[COLOR gold]FILENAME:[/COLOR] $INFO[ListItem.Property(filename)]</label>
                    </control>
                </control>
            </focusedlayout>
        </control>

        <!-- 3. POSTER GROUP -->
        <control type="group">
            <left>1340</left>
            <top>185</top>
            <control type="image" id="1001">
                <width>500</width>
                <height>750</height>
                <aspectratio>keep</aspectratio>
                <texture background="true">$INFO[Window.Property(poster)]</texture>
                <bordertexture border="20">Thumbnail_Shadow.png</bordertexture>
            </control>
            <!-- STREAM COUNT HEADING -->
            <control type="label">
                <top>770</top>
                <width>500</width>
                <height>60</height>
                <font>font30_title</font> <!-- Using a standard large/bold font -->
                <align>center</align>
                <textcolor>white</textcolor>
                <label>$INFO[Container(5000).NumItems] STREAMS FOUND</label>
            </control>
        </control>

        <!-- 4. TOP LOGO -->
        <control type="image">
            <left>60</left>
            <top>30</top>
            <width>500</width>
            <height>160</height>
            <aspectratio align="left">keep</aspectratio>
            <texture>$INFO[Window.Property(clearlogo)]</texture>
        </control>

        <!-- 5. SCROLLBAR -->
        <control type="scrollbar" id="60">
            <left>1295</left>
            <top>220</top>
            <width>12</width>
            <height>820</height>
            <texturesliderbackground>ScrollBarV.png</texturesliderbackground>
            <texturesliderbar>ScrollBarV_Focus.png</texturesliderbar>
            <onleft>5000</onleft>
            <onright>5000</onright>
            <showonepage>false</showonepage>
            <orientation>vertical</orientation>
        </control>
    </controls>
</window>