<?xml version="1.0" encoding="UTF-8"?>
<window>
	<onload>Skin.SetString(Home_WidgetIndex,0)</onload>
	<onload>Skin.SetString(Movies_WidgetIndex,0)</onload>
	<onload>Skin.SetString(TV_WidgetIndex,0)</onload>
<onload>Skin.SetString(SideMenuFocus,home)</onload>






<defaultcontrol>9000</defaultcontrol>
<backgroundcolor>background</backgroundcolor>
<controls>
<!-- Top Layer Debug Labels moved to bottom -->

<control type="button" id="20000">
<include>HiddenObject</include>
<onfocus>SetFocus(2000)</onfocus>
<visible allowhiddenfocus="true">Control.HasFocus(20000)</visible>
</control>
<control type="button" id="20001">
<include>HiddenObject</include>
<onfocus>SetFocus(2000)</onfocus>
<visible allowhiddenfocus="true">Control.HasFocus(20001)</visible>
</control>
		<!-- DEBUG LABEL -->
		<control type="label">
			<right>10</right>
			<top>10</top>
			<width>1000</width>
			<height>300</height>
			<align>right</align>
			<label>Home:$INFO[Skin.String(Home_WidgetIndex)] | Movies:$INFO[Skin.String(Movies_WidgetIndex)] | TV:$INFO[Skin.String(TV_WidgetIndex)]
Focus:$INFO[System.GetBool(Control.HasFocus(6110))] | 6100vis:$INFO[Control.IsVisible(6100)] | 6110vis:$INFO[Control.IsVisible(6110)]
SideFocus:$INFO[Skin.String(SideMenuFocus)] | VER: 6.0.189</label>
			<textcolor>red</textcolor>
			<font>font13</font>
			<visible>true</visible>
		</control>
<include content="DefaultBackground" />
	<control type="group">
		<visible>!Player.HasMedia</visible>
		<!-- Background Fanart -->
		<control type="image">
			<depth>DepthBackground</depth>
			<include>FullScreenDimensions</include>
			<texture background="true" colordiffuse="BBFFFFFF">$VAR[CurrentWidgetFanart]</texture>
			<fadetime>600</fadetime>
			<aspectratio>scale</aspectratio>
		</control>
		
		<!-- Info Overlay -->
		<control type="group">
			<left>150</left>
			<top>50</top>
			<width>1100</width>
			<height>500</height>
			<animation effect="fade" start="0" end="100" time="400">Visible</animation>
			<animation effect="fade" start="100" end="0" time="400">Hidden</animation>
			<visible>!String.IsEmpty(Container(10100).ListItem.Label) | !String.IsEmpty(Container(10200).ListItem.Label) | !String.IsEmpty(Container(10300).ListItem.Label) | !String.IsEmpty(Container(5100).ListItem.Label) | !String.IsEmpty(Container(5200).ListItem.Label) | !String.IsEmpty(Container(6100).ListItem.Label) | !String.IsEmpty(Container(6110).ListItem.Label)</visible>

			<!-- ClearLogo -->
			<control type="image">
				<left>0</left>
				<top>0</top>
				<width>500</width>
				<height>180</height>
				<aspectratio align="left" aligny="bottom">keep</aspectratio>
				<texture background="true">$VAR[CurrentWidgetClearLogo]</texture>
			</control>

			<!-- Info Title -->
			<control type="label">
				<left>0</left>
				<top>200</top>
				<width>1000</width>
				<height>40</height>
				<font>font30_title</font>
				<textcolor>FFFFFFFF</textcolor>
				<label>$VAR[CurrentWidgetInfo]</label>
				<shadowcolor>text_shadow</shadowcolor>
			</control>

			<!-- Plot -->
			<control type="textbox">
				<left>0</left>
				<top>250</top>
				<width>1200</width>
				<height>200</height>
				<font>font15</font>
				<textcolor>BBBBBBBB</textcolor>
				<label>$VAR[CurrentWidgetPlot]</label>
				<shadowcolor>text_shadow</shadowcolor>
				<autoscroll time="3000" delay="4000" repeat="5000">true</autoscroll>
			</control>
		</control>
	</control>

<control type="group">
<!-- <animation effect="fade" start="100" end="0" time="200" tween="sine" condition="$EXP[infodialog_active]">Conditional</animation> -->


<!-- Sidebar -->
<control type="group">
	<animation effect="slide" start="-120,0" end="0,0" time="300">WindowOpen</animation>
	<control type="image">
		<left>0</left>
		<top>0</top>
		<width>120</width>
		<bottom>0</bottom>
		<texture colordiffuse="FF000000">colors/white.png</texture>
	</control>

	<!-- Top Group (Logo & Search) -->
	<control type="group">
		<top>20</top>
		<height>160</height>
		
		<!-- AIOStreams Logo -->
		<control type="button" id="9001">
			<left>10</left>
			<top>0</top>
			<width>100</width>
			<height>60</height>
			<texturefocus>special://skin/media/aiostreams_logo.png</texturefocus>
			<texturenofocus>special://skin/media/aiostreams_logo.png</texturenofocus>
			<onup>noop</onup>
			<ondown>9002</ondown>
			<onright>noop</onright>
			<onclick>ActivateWindow(Profiles)</onclick>
		</control>

		<!-- Search -->
		<control type="group">
			<top>80</top>
			<width>120</width>
			<height>85</height>
			<control type="button" id="9002">
				<width>120</width>
				<height>85</height>
				<texturefocus />
				<texturenofocus />
				<onup>9001</onup>
				<ondown>9003</ondown>
				<onright>SetFocus($VAR[CurrentWidgetListID])</onright>

				<onclick>ActivateWindow(Videos,plugin://plugin.video.aiostreams/?action=search&amp;content_type=both&amp;nonce=$VAR[SearchTimestamp],return)</onclick>
			</control>
			<control type="image">
				<left>24</left>
				<top>7</top>
				<width>71</width>
				<height>71</height>
				<texture>icons/sidemenu/search_white.png</texture>
				<visible>!Control.HasFocus(9002)</visible>
			</control>
			<control type="image">
				<left>24</left>
				<top>7</top>
				<width>71</width>
				<height>71</height>
				<texture>icons/sidemenu/search_red.png</texture>
				<visible>Control.HasFocus(9002)</visible>
			</control>
		</control>
	</control>

	<!-- Center Group (Main Menu) -->
	<control type="grouplist" id="9000">
		<left>0</left>
		<top>180</top>
		<width>120</width>
		<bottom>180</bottom>
		<align>center</align>
		<itemgap>35</itemgap>
		<onright>12000</onright>



		<!-- Home -->
		<control type="group">
			<width>120</width>
			<height>85</height>
			<control type="button" id="9003">
				<width>120</width>
				<height>85</height>
				<texturefocus />
				<texturenofocus />
				<onup>9002</onup>
				<ondown>9004</ondown>
				<onfocus>Skin.SetString(SideMenuFocus,home)</onfocus>
				<onfocus>Skin.SetString(CurrentWidgetListID,10100)</onfocus>
				<onfocus>Skin.SetString(Home_WidgetIndex,0)</onfocus>
				<onright>SetFocus($VAR[CurrentWidgetListID])</onright>
				<onclick>ActivateWindow(Videos,plugin://plugin.video.aiostreams/,return)</onclick>

			</control>
			<control type="image">
				<left>24</left>
				<top>7</top>
				<width>71</width>
				<height>71</height>
				<texture>icons/sidemenu/home_white.png</texture>
				<visible>!Control.HasFocus(9003) + !Skin.IsString(SideMenuFocus,home)</visible>
			</control>
			<control type="image">
				<left>24</left>
				<top>7</top>
				<width>71</width>
				<height>71</height>
				<texture>icons/sidemenu/home_red.png</texture>
				<visible>Control.HasFocus(9003) | [!ControlGroup(9000).HasFocus + Skin.IsString(SideMenuFocus,home) + !ControlGroup(9100).HasFocus]</visible>
			</control>
		</control>

		<!-- TV Shows -->
		<control type="group">
			<width>120</width>
			<height>85</height>
			<control type="button" id="9004">
				<width>120</width>
				<height>85</height>
				<texturefocus />
				<texturenofocus />
				<onup>9003</onup>
				<ondown>9005</ondown>
				<onfocus>Skin.SetString(SideMenuFocus,tvshows)</onfocus>
				<onfocus>Skin.SetString(CurrentWidgetListID,6100)</onfocus>
				<onfocus>Skin.SetString(TV_WidgetIndex,0)</onfocus>
				<onright>SetFocus($VAR[CurrentWidgetListID])</onright>

				<onclick>ActivateWindow(Videos,plugin://plugin.video.aiostreams/?action=series_lists,return)</onclick>
			</control>
			<control type="image">
				<left>24</left>
				<top>7</top>
				<width>71</width>
				<height>71</height>
				<texture>icons/sidemenu/tv_white.png</texture>
				<visible>!Control.HasFocus(9004) + !Skin.IsString(SideMenuFocus,tvshows)</visible>
			</control>
			<control type="image">
				<left>24</left>
				<top>7</top>
				<width>71</width>
				<height>71</height>
				<texture>icons/sidemenu/tv_red.png</texture>
				<visible>Control.HasFocus(9004) | [!ControlGroup(9000).HasFocus + Skin.IsString(SideMenuFocus,tvshows) + !ControlGroup(9100).HasFocus]</visible>
			</control>
		</control>

		<!-- Movies -->
		<control type="group">
			<width>120</width>
			<height>85</height>
			<control type="button" id="9005">
				<width>120</width>
				<height>85</height>
				<texturefocus />
				<texturenofocus />
				<onup>9004</onup>
				<ondown>9006</ondown>
				<onfocus>Skin.SetString(SideMenuFocus,movies)</onfocus>
				<onfocus>Skin.SetString(CurrentWidgetListID,5100)</onfocus>
				<onfocus>Skin.SetString(Movies_WidgetIndex,0)</onfocus>
				<onright>SetFocus($VAR[CurrentWidgetListID])</onright>
				<onclick>ActivateWindow(Videos,plugin://plugin.video.aiostreams/?action=movie_lists,return)</onclick>

			</control>
			<control type="image">
				<left>24</left>
				<top>7</top>
				<width>71</width>
				<height>71</height>
				<texture>icons/sidemenu/movies_white.png</texture>
				<visible>!Control.HasFocus(9005) + !Skin.IsString(SideMenuFocus,movies)</visible>
			</control>
			<control type="image">
				<left>24</left>
				<top>7</top>
				<width>71</width>
				<height>71</height>
				<texture>icons/sidemenu/movies_red.png</texture>
				<visible>Control.HasFocus(9005) | [!ControlGroup(9000).HasFocus + Skin.IsString(SideMenuFocus,movies) + !ControlGroup(9100).HasFocus]</visible>
			</control>
		</control>

		<!-- Live TV -->
		<control type="group">
			<width>120</width>
			<height>85</height>
			<control type="button" id="9006">
				<width>120</width>
				<height>85</height>
				<texturefocus />
				<texturenofocus />
				<onup>9005</onup>
				<ondown>9007</ondown>
				<onfocus>Skin.SetString(SideMenuFocus,livetv)</onfocus>
				<onclick>ActivateWindow(TVChannels)</onclick>
			</control>
			<control type="image">
				<left>24</left>
				<top>7</top>
				<width>71</width>
				<height>71</height>
				<texture>icons/sidemenu/livetv_white.png</texture>
				<visible>!Control.HasFocus(9006) + !Skin.IsString(SideMenuFocus,livetv)</visible>
			</control>
			<control type="image">
				<left>24</left>
				<top>7</top>
				<width>71</width>
				<height>71</height>
				<texture>icons/sidemenu/livetv_red.png</texture>
				<visible>Control.HasFocus(9006) | [!ControlGroup(9000).HasFocus + Skin.IsString(SideMenuFocus,livetv) + !ControlGroup(9100).HasFocus]</visible>
			</control>
		</control>

		<!-- Music -->
		<control type="group">
			<width>120</width>
			<height>85</height>
			<control type="button" id="9007">
				<width>120</width>
				<height>85</height>
				<texturefocus />
				<texturenofocus />
				<onup>9006</onup>
				<ondown>9008</ondown>
				<onfocus>Skin.SetString(SideMenuFocus,music)</onfocus>
				<onclick>ActivateWindow(Music,root,return)</onclick>
			</control>
			<control type="image">
				<left>24</left>
				<top>7</top>
				<width>71</width>
				<height>71</height>
				<texture>icons/sidemenu/music_white.png</texture>
				<visible>!Control.HasFocus(9007) + !Skin.IsString(SideMenuFocus,music)</visible>
			</control>
			<control type="image">
				<left>24</left>
				<top>7</top>
				<width>71</width>
				<height>71</height>
				<texture>icons/sidemenu/music_red.png</texture>
				<visible>Control.HasFocus(9007) | [!ControlGroup(9000).HasFocus + Skin.IsString(SideMenuFocus,music) + !ControlGroup(9100).HasFocus]</visible>
			</control>
		</control>
	</control>

	<!-- Bottom Group (Settings & Clock) -->
	<control type="group" id="9100">
		<bottom>10</bottom>
		<height>125</height>
		
		<!-- Settings -->
		<control type="group">
			<top>0</top>
			<width>120</width>
			<height>85</height>
			<control type="button" id="9008">
				<width>120</width>
				<height>85</height>
				<texturefocus />
				<texturenofocus />
				<onup>9007</onup>
				<ondown>noop</ondown>
				<onfocus>Skin.SetString(SideMenuFocus,settings)</onfocus>
				<onleft>SetFocus(9010)</onleft>
				<onright>SetFocus($VAR[CurrentWidgetListID])</onright>
				<onclick>ActivateWindow(settings)</onclick>
			</control>
			<control type="image">
				<left>24</left>
				<top>7</top>
				<width>71</width>
				<height>71</height>
				<texture>icons/sidemenu/settings_white.png</texture>
				<visible>!Control.HasFocus(9008) + !Skin.IsString(SideMenuFocus,settings)</visible>
			</control>
			<control type="image">
				<left>24</left>
				<top>7</top>
				<width>71</width>
				<height>71</height>
				<texture>icons/sidemenu/settings_red.png</texture>
				<visible>Control.HasFocus(9008) | [!ControlGroup(9000).HasFocus + Skin.IsString(SideMenuFocus,settings) + !ControlGroup(9100).HasFocus]</visible>
			</control>
		</control>

		<!-- Time -->
		<control type="label">
			<left>0</left>
			<top>85</top>
			<width>120</width>
			<height>40</height>
			<font>font12</font>
			<textcolor>#FFFFFF</textcolor>
			<align>center</align>
			<aligny>center</aligny>
			<label>$INFO[System.Time]</label>
		</control>
	</control>
</control>

<!-- Content Panels -->
<control type="group" id="2000">
<left>0</left>
<zorder>100</zorder>

<!-- Home Widgets -->
<control type="group" id="11000">
	<bottom>20</bottom>
	<left>150</left>
	<right>0</right>
	<height>550</height>
	<visible>Skin.IsString(SideMenuFocus,home)</visible>

	<!-- Widget 0: Trakt Next Up -->
	<control type="group">
		<visible>String.IsEqual(Skin.String(Home_WidgetIndex),0)</visible>
		<onfocus>Skin.SetString(Home_WidgetIndex,0)</onfocus>
		<onfocus>SetFocus(10100)</onfocus>
		<include content="WidgetListEpisodes">
			<param name="content_path">plugin://plugin.video.aiostreams/?action=trakt_next_up</param>
			<param name="widget_header">Trakt Next Up</param>
			<param name="widget_target">videos</param>
			<param name="list_id">10100</param>
			<param name="onup_action">noop</param>
			<param name="ondown_action">Skin.SetString(Home_WidgetIndex,1),AlarmClock(FocusH1,SetFocus(10200),00:01,silent)</param>
		</include>
	</control>

	<!-- Widget 1: Trakt Watchlist Movies -->
	<control type="group">
		<visible>String.IsEqual(Skin.String(Home_WidgetIndex),1)</visible>
		<onfocus>Skin.SetString(Home_WidgetIndex,1)</onfocus>
		<onfocus>SetFocus(10200)</onfocus>
		<include content="WidgetListPoster">
			<param name="content_path">plugin://plugin.video.aiostreams/?action=trakt_watchlist&amp;media_type=movies</param>
			<param name="widget_header">Trakt Watchlist Movies</param>
			<param name="widget_target">videos</param>
			<param name="list_id">10200</param>
			<param name="onup_action">Skin.SetString(Home_WidgetIndex,0),AlarmClock(FocusH0,SetFocus(10100),00:01,silent)</param>
			<param name="ondown_action">Skin.SetString(Home_WidgetIndex,2),AlarmClock(FocusH2,SetFocus(10300),00:01,silent)</param>
		</include>
	</control>

	<!-- Widget 2: Trakt Watchlist Series -->
	<control type="group">
		<visible>String.IsEqual(Skin.String(Home_WidgetIndex),2)</visible>
		<onfocus>Skin.SetString(Home_WidgetIndex,2)</onfocus>
		<onfocus>SetFocus(10300)</onfocus>
		<include content="WidgetListPoster">
			<param name="content_path">plugin://plugin.video.aiostreams/?action=trakt_watchlist&amp;media_type=shows</param>
			<param name="widget_header">Trakt Watchlist Series</param>
			<param name="widget_target">videos</param>
			<param name="list_id">10300</param>
			<param name="onup_action">Skin.SetString(Home_WidgetIndex,1),AlarmClock(FocusH1,SetFocus(10200),00:01,silent)</param>
			<param name="ondown_action">noop</param>
		</include>
	</control>
</control>


<!-- Movie Widgets -->
<control type="group" id="5000">
	<bottom>20</bottom>
	<left>150</left>
	<right>0</right>
	<height>550</height>
	<visible>Skin.IsString(SideMenuFocus,movies)</visible>

	<!-- Widget 0 -->
	<control type="group">
		<visible>String.IsEqual(Skin.String(Movies_WidgetIndex),0)</visible>
		<onfocus>Skin.SetString(Movies_WidgetIndex,0)</onfocus>
		<onfocus>SetFocus(5100)</onfocus>
		<ondown>SetFocus(5200)</ondown>
		<include content="WidgetListPoster">
			<param name="content_path">plugin://plugin.video.aiostreams/?action=smart_widget&amp;index=0&amp;content_type=movie</param>
			<param name="widget_header">$INFO[Window(Home).Property(movie_catalog_0_name)]</param>
			<param name="widget_target">videos</param>
			<param name="list_id">5100</param>
			<param name="onup_action">noop</param>
			<param name="ondown_action">Skin.SetString(Movies_WidgetIndex,1),AlarmClock(FocusM1,SetFocus(5200),00:01,silent)</param>
		</include>
	</control>

	<!-- Widget 1 -->
	<control type="group">
		<visible>String.IsEqual(Skin.String(Movies_WidgetIndex),1)</visible>
		<onfocus>Skin.SetString(Movies_WidgetIndex,1)</onfocus>
		<onfocus>SetFocus(5200)</onfocus>
		<onup>SetFocus(5100)</onup>
		<ondown>SetFocus(5300)</ondown>
		<include content="WidgetListPoster">
			<param name="content_path">plugin://plugin.video.aiostreams/?action=smart_widget&amp;index=1&amp;content_type=movie</param>
			<param name="widget_header">$INFO[Window(Home).Property(movie_catalog_1_name)]</param>
			<param name="widget_target">videos</param>
			<param name="list_id">5200</param>
			<param name="onup_action">Skin.SetString(Movies_WidgetIndex,0),AlarmClock(FocusM0,SetFocus(5100),00:01,silent)</param>
			<param name="ondown_action">Skin.SetString(Movies_WidgetIndex,2),AlarmClock(FocusM2,SetFocus(5300),00:01,silent)</param>
		</include>
	</control>

	<!-- Widget 2 -->
	<control type="group">
		<visible>String.IsEqual(Skin.String(Movies_WidgetIndex),2)</visible>
		<onfocus>Skin.SetString(Movies_WidgetIndex,2)</onfocus>
		<onfocus>SetFocus(5300)</onfocus>
		<onup>SetFocus(5200)</onup>
		<ondown>SetFocus(5400)</ondown>
		<include content="WidgetListPoster">
			<param name="content_path">plugin://plugin.video.aiostreams/?action=smart_widget&amp;index=2&amp;content_type=movie</param>
			<param name="widget_header">$INFO[Window(Home).Property(movie_catalog_2_name)]</param>
			<param name="widget_target">videos</param>
			<param name="list_id">5300</param>
			<param name="onup_action">Skin.SetString(Movies_WidgetIndex,1),SetFocus(5200)</param>
			<param name="ondown_action">Skin.SetString(Movies_WidgetIndex,3),SetFocus(5400)</param>
		</include>
	</control>

	<!-- Widget 3 -->
	<control type="group">
		<visible>String.IsEqual(Skin.String(Movies_WidgetIndex),3)</visible>
		<onfocus>Skin.SetString(Movies_WidgetIndex,3)</onfocus>
		<onfocus>SetFocus(5400)</onfocus>
		<onup>SetFocus(5300)</onup>
		<include content="WidgetListPoster">
			<param name="content_path">plugin://plugin.video.aiostreams/?action=smart_widget&amp;index=3&amp;content_type=movie</param>
			<param name="widget_header">$INFO[Window(Home).Property(movie_catalog_3_name)]</param>
			<param name="widget_target">videos</param>
			<param name="list_id">5400</param>
			<param name="onup_action">Skin.SetString(Movies_WidgetIndex,2),SetFocus(5300)</param>
			<param name="ondown_action">noop</param>
		</include>
	</control>
</control>

</control> <!-- Close Group 2000 -->
</control> <!-- Close Group 88 -->

<include content="BottomBar" />
<control type="group">
<depth>DepthBars</depth>
<bottom>0</bottom>
<height>70</height>
<include condition="!Skin.HasSetting(hide_mediaflags)" content="MediaFlags">
<param name="infolabel_prefix" value="Container." />
<param name="resolution_var" value="$VAR[ContainerResolutionFlagVar]" />
</include>
</control>
<include content="TopBar">
<param name="breadcrumbs_label" value="" />
</include>

<!-- Settings Submenu -->
<control type="group">
	<left>130</left>
	<bottom>50</bottom>
	<width>300</width>
	<height>120</height>
	<visible>Control.HasFocus(9010) | Control.HasFocus(9011)</visible>
	<animation effect="fade" start="0" end="100" time="200">Visible</animation>
	<animation effect="slide" start="-50,0" end="0,0" time="300" tween="cubic" easing="out">Visible</animation>
	<animation effect="fade" start="100" end="0" time="200">Hidden</animation>
	
	<control type="image">
		<width>300</width>
		<height>120</height>
		<texture colordiffuse="E6000000">colors/white.png</texture>
	</control>
	
	<control type="grouplist" id="9101">
		<left>10</left>
		<top>10</top>
		<width>280</width>
		<height>100</height>
		<onright>9008</onright>
		<onback>9008</onback>
		<control type="button" id="9010">
			<width>280</width>
			<height>50</height>
			<font>font13</font>
			<label>Reload Skin</label>
			<textcolor>white</textcolor>
			<focusedcolor>red</focusedcolor>
			<texturefocus />
			<texturenofocus />
			<onclick>ReloadSkin()</onclick>
		</control>
		<control type="button" id="9011">
			<width>280</width>
			<height>50</height>
			<font>font13</font>
			<label>Exit AIODI</label>
			<textcolor>white</textcolor>
			<focusedcolor>red</focusedcolor>
			<texturefocus />
			<texturenofocus />
			<onclick>Quit()</onclick>
		</control>
	</control>
</control>


<!-- ========== TV SHOWS WIDGETS (20 ROWS) ========== -->
<control type="group" id="6000">
	<bottom>20</bottom>
	<left>150</left>
	<width>1750</width>
	<height>550</height>
	<visible>String.IsEqual(Skin.String(SideMenuFocus),tvshows)</visible>

	<!-- Widget 0 -->
	<control type="group">
		<visible>String.IsEqual(Skin.String(TV_WidgetIndex),0)</visible>
		<onfocus>Skin.SetString(TV_WidgetIndex,0)</onfocus>
		<onfocus>SetFocus(6100)</onfocus>
		<ondown>SetFocus(6110)</ondown>
		<include content="WidgetListPoster">
			<param name="content_path">plugin://plugin.video.aiostreams/?action=smart_widget&amp;index=0&amp;content_type=series</param>
			<param name="widget_header">$INFO[Window(Home).Property(series_catalog_0_name)]</param>
			<param name="widget_target">videos</param>
			<param name="list_id">6100</param>
			<param name="onup_action">noop</param>
			<param name="ondown_action">Skin.SetString(TV_WidgetIndex,1),AlarmClock(FocusT1,SetFocus(6110),00:01,silent)</param>
		</include>
	</control>

	<!-- Widget 1 -->
	<control type="group">
		<visible>String.IsEqual(Skin.String(TV_WidgetIndex),1)</visible>
		<onfocus>Skin.SetString(TV_WidgetIndex,1)</onfocus>
		<onfocus>SetFocus(6110)</onfocus>
		<onup>SetFocus(6100)</onup>
		<ondown>SetFocus(6120)</ondown>
		<include content="WidgetListPoster">
			<param name="content_path">plugin://plugin.video.aiostreams/?action=smart_widget&amp;index=1&amp;content_type=series</param>
			<param name="widget_header">$INFO[Window(Home).Property(series_catalog_1_name)]</param>
			<param name="widget_target">videos</param>
			<param name="list_id">6110</param>
			<param name="onup_action">Skin.SetString(TV_WidgetIndex,0),AlarmClock(FocusT0,SetFocus(6100),00:01,silent)</param>
			<param name="ondown_action">Skin.SetString(TV_WidgetIndex,2),AlarmClock(FocusT2,SetFocus(6120),00:01,silent)</param>
		</include>
	</control>

	<!-- Widget 2 -->
	<control type="group">
		<visible>String.IsEqual(Skin.String(TV_WidgetIndex),2)</visible>
		<onfocus>Skin.SetString(TV_WidgetIndex,2)</onfocus>
		<onfocus>SetFocus(6120)</onfocus>
		<onup>SetFocus(6110)</onup>
		<ondown>SetFocus(6130)</ondown>
		<include content="WidgetListPoster">
			<param name="content_path">plugin://plugin.video.aiostreams/?action=smart_widget&amp;index=2&amp;content_type=series</param>
			<param name="widget_header">$INFO[Window(Home).Property(series_catalog_2_name)]</param>
			<param name="widget_target">videos</param>
			<param name="list_id">6120</param>
			<param name="onup_action">Skin.SetString(TV_WidgetIndex,1),SetFocus(6110)</param>
			<param name="ondown_action">Skin.SetString(TV_WidgetIndex,3),SetFocus(6130)</param>
		</include>
	</control>

	<!-- Widget 3 -->
	<control type="group">
		<visible>String.IsEqual(Skin.String(TV_WidgetIndex),3)</visible>
		<onfocus>Skin.SetString(TV_WidgetIndex,3)</onfocus>
		<onfocus>SetFocus(6130)</onfocus>
		<onup>SetFocus(6120)</onup>
		<include content="WidgetListPoster">
			<param name="content_path">plugin://plugin.video.aiostreams/?action=smart_widget&amp;index=3&amp;content_type=series</param>
			<param name="widget_header">$INFO[Window(Home).Property(series_catalog_3_name)]</param>
			<param name="widget_target">videos</param>
			<param name="list_id">6130</param>
			<param name="onup_action">Skin.SetString(TV_WidgetIndex,2),SetFocus(6120)</param>
			<param name="ondown_action">noop</param>
		</include>
	</control>
</control>




	<!-- TOP LAYER DIAGNOSTICS v6.0.144 -->
</controls>
</window>



