<?xml version="1.0" encoding="UTF-8"?>
<includes>
    <!-- Single Widget Template -->
    <include name="WidgetTemplate">
        <param name="widget_index">0</param>
        <param name="page">home</param>
        <definition>
            <control type="group">
                <visible>!String.IsEmpty(Window(Home).Property(AIOStreams.$PARAM[page].Widget.$PARAM[widget_index].Label))</visible>
                <left>0</left>
                <top>$PARAM[top_pos]</top>
                <width>1800</width>
                <height>150</height>

                <!-- Widget Title -->
                <control type="label">
                    <left>0</left>
                    <top>0</top>
                    <width>1800</width>
                    <height>40</height>
                    <font>font30</font>
                    <textcolor>FFFFFFFF</textcolor>
                    <label>$INFO[Window(Home).Property(AIOStreams.$PARAM[page].Widget.$PARAM[widget_index].Label)]</label>
                </control>

                <!-- Widget Content List -->
                <control type="list" id="110$PARAM[widget_index]">
                    <left>0</left>
                    <top>50</top>
                    <width>1800</width>
                    <height>320</height>
                    <onup>9000</onup>
                    <ondown>110$PARAM[next_index]</ondown>
                    <orientation>horizontal</orientation>
                    <preloaditems>2</preloaditems>
                    <pagecontrol></pagecontrol>
                    <scrolltime tween="cubic" easing="out">300</scrolltime>

                    <!-- Item Layout -->
                    <itemlayout width="240" height="320">
                        <control type="image">
                            <left>5</left>
                            <top>5</top>
                            <width>230</width>
                            <height>310</height>
                            <aspectratio>scale</aspectratio>
                            <texture background="true">$INFO[ListItem.Art(poster)]</texture>
                            <bordertexture border="5">common/border.png</bordertexture>
                            <bordersize>5</bordersize>
                        </control>
                        <control type="label">
                            <left>5</left>
                            <top>280</top>
                            <width>230</width>
                            <height>35</height>
                            <font>font13</font>
                            <textcolor>FFFFFFFF</textcolor>
                            <align>center</align>
                            <label>$INFO[ListItem.Label]</label>
                        </control>
                    </itemlayout>

                    <!-- Focused Layout -->
                    <focusedlayout width="240" height="320">
                        <control type="image">
                            <left>0</left>
                            <top>0</top>
                            <width>240</width>
                            <height>320</height>
                            <aspectratio>scale</aspectratio>
                            <texture background="true">$INFO[ListItem.Art(poster)]</texture>
                            <bordertexture border="8" colordiffuse="FF1E90FF">common/border.png</bordertexture>
                            <bordersize>8</bordersize>
                        </control>
                        <control type="label">
                            <left>0</left>
                            <top>275</top>
                            <width>240</width>
                            <height>40</height>
                            <font>font13_title</font>
                            <textcolor>FF1E90FF</textcolor>
                            <align>center</align>
                            <label>$INFO[ListItem.Label]</label>
                        </control>
                    </focusedlayout>

                    <!-- Content -->
                    <content target="video">
                        <path>$INFO[Window(Home).Property(AIOStreams.$PARAM[page].Widget.$PARAM[widget_index].Action)]</path>
                    </content>
                </control>
            </control>
        </definition>
    </include>

    <!-- Widget Layout for Home Page -->
    <include name="WidgetLayout">
        <control type="group">
            <left>0</left>
            <top>0</top>
            <width>1800</width>
            <height>840</height>

            <!-- Widget 0 -->
            <include content="WidgetTemplate">
                <param name="widget_index">0</param>
                <param name="top_pos">0</param>
                <param name="next_index">1</param>
                <param name="page">home</param>
            </include>

            <!-- Widget 1 -->
            <include content="WidgetTemplate">
                <param name="widget_index">1</param>
                <param name="top_pos">400</param>
                <param name="next_index">2</param>
                <param name="page">home</param>
            </include>

            <!-- Widget 2 -->
            <include content="WidgetTemplate">
                <param name="widget_index">2</param>
                <param name="top_pos">800</param>
                <param name="next_index">3</param>
                <param name="page">home</param>
            </include>

            <!-- Widget 3 -->
            <include content="WidgetTemplate">
                <param name="widget_index">3</param>
                <param name="top_pos">1200</param>
                <param name="next_index">4</param>
                <param name="page">home</param>
            </include>

            <!-- Widget 4 -->
            <include content="WidgetTemplate">
                <param name="widget_index">4</param>
                <param name="top_pos">1600</param>
                <param name="next_index">0</param>
                <param name="page">home</param>
            </include>
        </control>
    </include>

    <!-- Widget Layout for Movies Page -->
    <include name="WidgetLayoutMovies">
        <control type="group">
            <left>0</left>
            <top>0</top>
            <width>1800</width>
            <height>840</height>

            <!-- Widget 0 -->
            <include content="WidgetTemplate">
                <param name="widget_index">0</param>
                <param name="top_pos">0</param>
                <param name="next_index">1</param>
                <param name="page">movies</param>
            </include>

            <!-- Widget 1 -->
            <include content="WidgetTemplate">
                <param name="widget_index">1</param>
                <param name="top_pos">400</param>
                <param name="next_index">2</param>
                <param name="page">movies</param>
            </include>

            <!-- Widget 2 -->
            <include content="WidgetTemplate">
                <param name="widget_index">2</param>
                <param name="top_pos">800</param>
                <param name="next_index">3</param>
                <param name="page">movies</param>
            </include>

            <!-- Widget 3 -->
            <include content="WidgetTemplate">
                <param name="widget_index">3</param>
                <param name="top_pos">1200</param>
                <param name="next_index">4</param>
                <param name="page">movies</param>
            </include>

            <!-- Widget 4 -->
            <include content="WidgetTemplate">
                <param name="widget_index">4</param>
                <param name="top_pos">1600</param>
                <param name="next_index">0</param>
                <param name="page">movies</param>
            </include>
        </control>
    </include>

    <!-- Widget Layout for Shows Page -->
    <include name="WidgetLayoutShows">
        <control type="group">
            <left>0</left>
            <top>0</top>
            <width>1800</width>
            <height>840</height>

            <!-- Widget 0 -->
            <include content="WidgetTemplate">
                <param name="widget_index">0</param>
                <param name="top_pos">0</param>
                <param name="next_index">1</param>
                <param name="page">shows</param>
            </include>

            <!-- Widget 1 -->
            <include content="WidgetTemplate">
                <param name="widget_index">1</param>
                <param name="top_pos">400</param>
                <param name="next_index">2</param>
                <param name="page">shows</param>
            </include>

            <!-- Widget 2 -->
            <include content="WidgetTemplate">
                <param name="widget_index">2</param>
                <param name="top_pos">800</param>
                <param name="next_index">3</param>
                <param name="page">shows</param>
            </include>

            <!-- Widget 3 -->
            <include content="WidgetTemplate">
                <param name="widget_index">3</param>
                <param name="top_pos">1200</param>
                <param name="next_index">4</param>
                <param name="page">shows</param>
            </include>

            <!-- Widget 4 -->
            <include content="WidgetTemplate">
                <param name="widget_index">4</param>
                <param name="top_pos">1600</param>
                <param name="next_index">0</param>
                <param name="page">shows</param>
            </include>
        </control>
    </include>

    <!-- Common Assets -->
    <include name="common/white.png">
        <control type="image">
            <texture>common/white.png</texture>
        </control>
    </include>

    <include name="common/border.png">
        <control type="image">
            <texture>common/border.png</texture>
        </control>
    </include>

</includes>
